[debug] [2025-07-25T06:43:17.317Z] ----------------------------------------------------------------------
[debug] [2025-07-25T06:43:17.322Z] Command:       /nix/store/ws50yvm6vzlzf7jzz6n7xh4szddrack1-nodejs-20.19.1/bin/node /nix/store/gv0i9ndcpzjpfi2yr06402kzy90q51ki-firebase-tools-14.10.1/lib/node_modules/firebase-tools/lib/bin/firebase.js emulators:start --project=demo-app --only=auth,firestore
[debug] [2025-07-25T06:43:17.323Z] CLI Version:   14.10.1
[debug] [2025-07-25T06:43:17.323Z] Platform:      linux
[debug] [2025-07-25T06:43:17.323Z] Node Version:  v20.19.1
[debug] [2025-07-25T06:43:17.324Z] Time:          Fri Jul 25 2025 06:43:17 GMT+0000 (Coordinated Universal Time)
[debug] [2025-07-25T06:43:17.324Z] ----------------------------------------------------------------------
[debug] 
[debug] [2025-07-25T06:43:17.329Z] >>> [apiv2][query] GET https://firebase-public.firebaseio.com/cli.json [none]
[debug] [2025-07-25T06:43:18.271Z] <<< [apiv2][status] GET https://firebase-public.firebaseio.com/cli.json 200
[debug] [2025-07-25T06:43:18.273Z] <<< [apiv2][body] GET https://firebase-public.firebaseio.com/cli.json {"cloudBuildErrorAfter":1594252800000,"cloudBuildWarnAfter":1590019200000,"defaultNode10After":1594252800000,"minVersion":"3.0.5","node8DeploysDisabledAfter":1613390400000,"node8RuntimeDisabledAfter":1615809600000,"node8WarnAfter":1600128000000}
[debug] [2025-07-25T06:43:18.792Z] openjdk version "21.0.7" 2025-04-15

[debug] [2025-07-25T06:43:18.796Z] OpenJDK Runtime Environment (build 21.0.7+6-nixos)
OpenJDK 64-Bit Server VM (build 21.0.7+6-nixos, mixed mode, sharing)

[debug] [2025-07-25T06:43:18.847Z] Parsed Java major version: 21
[info] i  emulators: Starting emulators: firestore {"metadata":{"emulator":{"name":"hub"},"message":"Starting emulators: firestore"}}
[info] i  emulators: Detected demo project ID "demo-app", emulated services will use a demo configuration and attempts to access non-emulated services for this project will fail. {"metadata":{"emulator":{"name":"hub"},"message":"Detected demo project ID \"demo-app\", emulated services will use a demo configuration and attempts to access non-emulated services for this project will fail."}}
[warn] ⚠  auth: Not starting the auth emulator, make sure you have run firebase init. {"metadata":{"emulator":{"name":"auth"},"message":"Not starting the auth emulator, make sure you have run firebase init."}}
[warn] ⚠  hub: Error when trying to check port 4400 on ::1: Error: listen EADDRNOTAVAIL: address not available ::1:4400 {"metadata":{"emulator":{"name":"hub"},"message":"Error when trying to check port 4400 on ::1: Error: listen EADDRNOTAVAIL: address not available ::1:4400"}}
[warn] ⚠  hub: Port 4400 is available on 127.0.0.1 but not ::1. This may cause issues with some clients. {"metadata":{"emulator":{"name":"hub"},"message":"Port 4400 is available on 127.0.0.1 but not ::1. This may cause issues with some clients."}}
[warn] ⚠  hub: If you encounter connectivity issues, consider switching to a different port or explicitly specifying "host": "<ip address>" instead of hostname in firebase.json {"metadata":{"emulator":{"name":"hub"},"message":"If you encounter connectivity issues, consider switching to a different port or explicitly specifying \"host\": \"<ip address>\" instead of hostname in firebase.json"}}
[warn] ⚠  ui: Error when trying to check port 4000 on ::1: Error: listen EADDRNOTAVAIL: address not available ::1:4000 {"metadata":{"emulator":{"name":"ui"},"message":"Error when trying to check port 4000 on ::1: Error: listen EADDRNOTAVAIL: address not available ::1:4000"}}
[warn] ⚠  ui: Port 4000 is available on 127.0.0.1 but not ::1. This may cause issues with some clients. {"metadata":{"emulator":{"name":"ui"},"message":"Port 4000 is available on 127.0.0.1 but not ::1. This may cause issues with some clients."}}
[warn] ⚠  ui: If you encounter connectivity issues, consider switching to a different port or explicitly specifying "host": "<ip address>" instead of hostname in firebase.json {"metadata":{"emulator":{"name":"ui"},"message":"If you encounter connectivity issues, consider switching to a different port or explicitly specifying \"host\": \"<ip address>\" instead of hostname in firebase.json"}}
[warn] ⚠  logging: Error when trying to check port 4500 on ::1: Error: listen EADDRNOTAVAIL: address not available ::1:4500 {"metadata":{"emulator":{"name":"logging"},"message":"Error when trying to check port 4500 on ::1: Error: listen EADDRNOTAVAIL: address not available ::1:4500"}}
[warn] ⚠  logging: Port 4500 is available on 127.0.0.1 but not ::1. This may cause issues with some clients. {"metadata":{"emulator":{"name":"logging"},"message":"Port 4500 is available on 127.0.0.1 but not ::1. This may cause issues with some clients."}}
[warn] ⚠  logging: If you encounter connectivity issues, consider switching to a different port or explicitly specifying "host": "<ip address>" instead of hostname in firebase.json {"metadata":{"emulator":{"name":"logging"},"message":"If you encounter connectivity issues, consider switching to a different port or explicitly specifying \"host\": \"<ip address>\" instead of hostname in firebase.json"}}
[warn] ⚠  firestore: Error when trying to check port 8080 on ::1: Error: listen EADDRNOTAVAIL: address not available ::1:8080 {"metadata":{"emulator":{"name":"firestore"},"message":"Error when trying to check port 8080 on ::1: Error: listen EADDRNOTAVAIL: address not available ::1:8080"}}
[warn] ⚠  firestore: Port 8080 is available on 127.0.0.1 but not ::1. This may cause issues with some clients. {"metadata":{"emulator":{"name":"firestore"},"message":"Port 8080 is available on 127.0.0.1 but not ::1. This may cause issues with some clients."}}
[warn] ⚠  firestore: If you encounter connectivity issues, consider switching to a different port or explicitly specifying "host": "<ip address>" instead of hostname in firebase.json {"metadata":{"emulator":{"name":"firestore"},"message":"If you encounter connectivity issues, consider switching to a different port or explicitly specifying \"host\": \"<ip address>\" instead of hostname in firebase.json"}}
[warn] ⚠  firestore.websocket: Error when trying to check port 9150 on ::1: Error: listen EADDRNOTAVAIL: address not available ::1:9150 {"metadata":{"emulator":{"name":"firestore"},"message":"Error when trying to check port 9150 on ::1: Error: listen EADDRNOTAVAIL: address not available ::1:9150"}}
[warn] ⚠  firestore: Port 9150 is available on 127.0.0.1 but not ::1. This may cause issues with some clients. {"metadata":{"emulator":{"name":"firestore"},"message":"Port 9150 is available on 127.0.0.1 but not ::1. This may cause issues with some clients."}}
[warn] ⚠  firestore: If you encounter connectivity issues, consider switching to a different port or explicitly specifying "host": "<ip address>" instead of hostname in firebase.json {"metadata":{"emulator":{"name":"firestore"},"message":"If you encounter connectivity issues, consider switching to a different port or explicitly specifying \"host\": \"<ip address>\" instead of hostname in firebase.json"}}
[debug] [2025-07-25T06:43:18.865Z] assigned listening specs for emulators {"user":{"hub":[{"address":"127.0.0.1","family":"IPv4","port":4400}],"ui":[{"address":"127.0.0.1","family":"IPv4","port":4000}],"logging":[{"address":"127.0.0.1","family":"IPv4","port":4500}],"firestore":[{"address":"127.0.0.1","family":"IPv4","port":8080}],"firestore.websocket":[{"address":"127.0.0.1","family":"IPv4","port":9150}]},"metadata":{"message":"assigned listening specs for emulators"}}
[debug] [2025-07-25T06:43:18.870Z] [hub] writing locator at /tmp/hub-demo-app.json
[debug] [2025-07-25T06:43:18.894Z] Ignoring unsupported arg: auto_download {"metadata":{"emulator":{"name":"firestore"},"message":"Ignoring unsupported arg: auto_download"}}
[debug] [2025-07-25T06:43:18.897Z] Ignoring unsupported arg: single_project_mode_error {"metadata":{"emulator":{"name":"firestore"},"message":"Ignoring unsupported arg: single_project_mode_error"}}
[debug] [2025-07-25T06:43:18.897Z] Starting Firestore Emulator with command {"binary":"java","args":["-Dgoogle.cloud_firestore.debug_log_level=FINE","-Duser.language=en","-jar","/nix/store/6630rdigdc1h6ay3q6zs9bnvj2zrs70g-emulators/cloud-firestore-emulator-v1.19.8.jar","--host","127.0.0.1","--port",8080,"--websocket_port",9150,"--project_id","demo-app","--rules","/home/user/studio/firestore.rules","--single_project_mode",true],"optionalArgs":["port","webchannel_port","host","rules","websocket_port","functions_emulator","seed_from_export","project_id","single_project_mode"],"joinArgs":false,"shell":false,"port":8080} {"metadata":{"emulator":{"name":"firestore"},"message":"Starting Firestore Emulator with command {\"binary\":\"java\",\"args\":[\"-Dgoogle.cloud_firestore.debug_log_level=FINE\",\"-Duser.language=en\",\"-jar\",\"/nix/store/6630rdigdc1h6ay3q6zs9bnvj2zrs70g-emulators/cloud-firestore-emulator-v1.19.8.jar\",\"--host\",\"127.0.0.1\",\"--port\",8080,\"--websocket_port\",9150,\"--project_id\",\"demo-app\",\"--rules\",\"/home/user/studio/firestore.rules\",\"--single_project_mode\",true],\"optionalArgs\":[\"port\",\"webchannel_port\",\"host\",\"rules\",\"websocket_port\",\"functions_emulator\",\"seed_from_export\",\"project_id\",\"single_project_mode\"],\"joinArgs\":false,\"shell\":false,\"port\":8080}"}}
[info] i  firestore: Firestore Emulator logging to firestore-debug.log {"metadata":{"emulator":{"name":"firestore"},"message":"Firestore Emulator logging to firestore-debug.log"}}
[debug] [2025-07-25T06:43:22.358Z] Jul 25, 2025 6:43:22 AM com.google.cloud.datastore.emulator.firestore.websocket.WebSocketServer start
INFO: Started WebSocket server on ws://127.0.0.1:9150
 {"metadata":{"emulator":{"name":"firestore"},"message":"Jul 25, 2025 6:43:22 AM com.google.cloud.datastore.emulator.firestore.websocket.WebSocketServer start\nINFO: Started WebSocket server on ws://127.0.0.1:9150\n"}}
[debug] [2025-07-25T06:43:22.422Z] API endpoint: http:// {"metadata":{"emulator":{"name":"firestore"},"message":"API endpoint: http://"}}
[debug] [2025-07-25T06:43:22.427Z] 127.0.0.1:8080
If you are using a library that supports the FIRESTORE_EMULATOR_HOST environment variable, run:

   export FIRESTORE_EMULATOR_HOST=127.0.0.1:8080

If you are running a Firestore in Datastore Mode project, run:

   export DATASTORE_EMULATOR_HOST=127.0.0.1:8080

Note: Support for Datastore Mode is in preview. If you encounter any bugs please file at https://github.com/firebase/firebase-tools/issues.
Dev App Server is now running.

 {"metadata":{"emulator":{"name":"firestore"},"message":"127.0.0.1:8080\nIf you are using a library that supports the FIRESTORE_EMULATOR_HOST environment variable, run:\n\n   export FIRESTORE_EMULATOR_HOST=127.0.0.1:8080\n\nIf you are running a Firestore in Datastore Mode project, run:\n\n   export DATASTORE_EMULATOR_HOST=127.0.0.1:8080\n\nNote: Support for Datastore Mode is in preview. If you encounter any bugs please file at https://github.com/firebase/firebase-tools/issues.\nDev App Server is now running.\n\n"}}
[info] ✔  firestore: Firestore Emulator UI websocket is running on 9150. {"metadata":{"emulator":{"name":"firestore"},"message":"Firestore Emulator UI websocket is running on 9150."}}
[debug] [2025-07-25T06:43:22.608Z] Could not find VSCode notification endpoint: FetchError: request to http://localhost:40001/vscode/notify failed, reason: connect ECONNREFUSED 127.0.0.1:40001. If you are not running the Firebase Data Connect VSCode extension, this is expected and not an issue.
[info] 
┌─────────────────────────────────────────────────────────────┐
│ ✔  All emulators ready! It is now safe to connect your app. │
│ i  View Emulator UI at http://127.0.0.1:4000/               │
└─────────────────────────────────────────────────────────────┘

┌───────────┬────────────────┬─────────────────────────────────┐
│ Emulator  │ Host:Port      │ View in Emulator UI             │
├───────────┼────────────────┼─────────────────────────────────┤
│ Firestore │ 127.0.0.1:8080 │ http://127.0.0.1:4000/firestore │
└───────────┴────────────────┴─────────────────────────────────┘
  Emulator Hub host: 127.0.0.1 port: 4400
  Other reserved ports: 4500, 9150

Issues? Report them at https://github.com/firebase/firebase-tools/issues and attach the *-debug.log files.
 
[debug] [2025-07-25T06:51:41.148Z] Jul 25, 2025 6:51:40 AM com.google.cloud.datastore.emulator.firestore.websocket.WebSocketChannelHandler initChannel
INFO: Connected to new websocket client
 {"metadata":{"emulator":{"name":"firestore"},"message":"Jul 25, 2025 6:51:40 AM com.google.cloud.datastore.emulator.firestore.websocket.WebSocketChannelHandler initChannel\nINFO: Connected to new websocket client\n"}}
[debug] [2025-07-25T06:51:41.246Z] Jul 25, 2025 6:51:41 AM io.gapi.emulators.netty.HttpVersionRoutingHandler channelRead
INFO: Detected non-HTTP/2 connection.
 {"metadata":{"emulator":{"name":"firestore"},"message":"Jul 25, 2025 6:51:41 AM io.gapi.emulators.netty.HttpVersionRoutingHandler channelRead\nINFO: Detected non-HTTP/2 connection.\n"}}
[debug] [2025-07-25T06:51:42.054Z] Jul 25, 2025 6:51:42 AM io.grpc.netty.NettyServerTransport notifyTerminated
INFO: Transport failed
io.netty.handler.codec.http2.Http2Exception: Unexpected HTTP/1.x request: GET / 
	at io.netty.handler.codec.http2.Http2Exception.connectionError(Http2Exception.java:107)
	at io.netty.handler.codec.http2.Http2ConnectionHandler$PrefaceDecoder.readClientPrefaceString(Http2ConnectionHandler.java:315)
	at io.netty.handler.codec.http2.Http2ConnectionHandler$PrefaceDecoder.decode(Http2ConnectionHandler.java:245)
	at io.netty.handler.codec.http2.Http2ConnectionHandler.decode(Http2ConnectionHandler.java:451)
	at io.netty.handler.codec.ByteToMessageDecoder.decodeRemovalReentryProtection(ByteToMessageDecoder.java:530)
	at io.netty.handler.codec.ByteToMessageDecoder.callDecode(ByteToMessageDecoder.java:469)
	at io.netty.handler.codec.ByteToMessageDecoder.channelRead(ByteToMessageDecoder.java:290)
	at io.netty.channel.AbstractChannelHandlerContext.invokeChannelRead(AbstractChannelHandlerContext.java:444)
	at io.netty.channel.AbstractChannelHandlerContext.invokeChannelRead(AbstractChannelHandlerContext.java:420)
	at io.netty.channel.AbstractChannelHandlerContext.fireChannelRead(AbstractChannelHandlerContext.java:412)
	at io.netty.channel.DefaultChannelPipeline$HeadContext.channelRead(DefaultChannelPipeline.java:1407)
	at io.netty.channel.AbstractChannelHandlerContext.invokeChannelRead(AbstractChannelHandlerContext.java:440)
	at io.netty.channel.AbstractChannelHandlerContext.invokeChannelRead(AbstractChannelHandlerContext.java:420)
	at io.netty.channel.DefaultChannelPipeline.fireChannelRead(DefaultChannelPipeline.java:918)
	at io.netty.channel.nio.AbstractNioByteChannel$NioByteUnsafe.read(AbstractNioByteChannel.java:166)
	at io.netty.channel.nio.NioEventLoop.processSelectedKey(NioEventLoop.java:788)
	at io.netty.channel.nio.NioEventLoop.processSelectedKeysOptimized(NioEventLoop.java:724)
	at io.netty.channel.nio.NioEventLoop.processSelectedKeys(NioEventLoop.java:650)
	at io.netty.channel.nio.NioEventLoop.run(NioEventLoop.java:562)
	at io.netty.util.concurrent.SingleThreadEventExecutor$4.run(SingleThreadEventExecutor.java:994)
	at io.netty.util.internal.ThreadExecutorMap$2.run(ThreadExecutorMap.java:74)
	at io.netty.util.concurrent.FastThreadLocalRunnable.run(FastThreadLocalRunnable.java:30)
	at java.base/java.lang.Thread.run(Thread.java:1583)

 {"metadata":{"emulator":{"name":"firestore"},"message":"Jul 25, 2025 6:51:42 AM io.grpc.netty.NettyServerTransport notifyTerminated\nINFO: Transport failed\nio.netty.handler.codec.http2.Http2Exception: Unexpected HTTP/1.x request: GET / \n\tat io.netty.handler.codec.http2.Http2Exception.connectionError(Http2Exception.java:107)\n\tat io.netty.handler.codec.http2.Http2ConnectionHandler$PrefaceDecoder.readClientPrefaceString(Http2ConnectionHandler.java:315)\n\tat io.netty.handler.codec.http2.Http2ConnectionHandler$PrefaceDecoder.decode(Http2ConnectionHandler.java:245)\n\tat io.netty.handler.codec.http2.Http2ConnectionHandler.decode(Http2ConnectionHandler.java:451)\n\tat io.netty.handler.codec.ByteToMessageDecoder.decodeRemovalReentryProtection(ByteToMessageDecoder.java:530)\n\tat io.netty.handler.codec.ByteToMessageDecoder.callDecode(ByteToMessageDecoder.java:469)\n\tat io.netty.handler.codec.ByteToMessageDecoder.channelRead(ByteToMessageDecoder.java:290)\n\tat io.netty.channel.AbstractChannelHandlerContext.invokeChannelRead(AbstractChannelHandlerContext.java:444)\n\tat io.netty.channel.AbstractChannelHandlerContext.invokeChannelRead(AbstractChannelHandlerContext.java:420)\n\tat io.netty.channel.AbstractChannelHandlerContext.fireChannelRead(AbstractChannelHandlerContext.java:412)\n\tat io.netty.channel.DefaultChannelPipeline$HeadContext.channelRead(DefaultChannelPipeline.java:1407)\n\tat io.netty.channel.AbstractChannelHandlerContext.invokeChannelRead(AbstractChannelHandlerContext.java:440)\n\tat io.netty.channel.AbstractChannelHandlerContext.invokeChannelRead(AbstractChannelHandlerContext.java:420)\n\tat io.netty.channel.DefaultChannelPipeline.fireChannelRead(DefaultChannelPipeline.java:918)\n\tat io.netty.channel.nio.AbstractNioByteChannel$NioByteUnsafe.read(AbstractNioByteChannel.java:166)\n\tat io.netty.channel.nio.NioEventLoop.processSelectedKey(NioEventLoop.java:788)\n\tat io.netty.channel.nio.NioEventLoop.processSelectedKeysOptimized(NioEventLoop.java:724)\n\tat io.netty.channel.nio.NioEventLoop.processSelectedKeys(NioEventLoop.java:650)\n\tat io.netty.channel.nio.NioEventLoop.run(NioEventLoop.java:562)\n\tat io.netty.util.concurrent.SingleThreadEventExecutor$4.run(SingleThreadEventExecutor.java:994)\n\tat io.netty.util.internal.ThreadExecutorMap$2.run(ThreadExecutorMap.java:74)\n\tat io.netty.util.concurrent.FastThreadLocalRunnable.run(FastThreadLocalRunnable.java:30)\n\tat java.base/java.lang.Thread.run(Thread.java:1583)\n\n"}}
[debug] [2025-07-25T06:51:42.261Z] Jul 25, 2025 6:51:42 AM io.grpc.netty.NettyServerTransport notifyTerminated
INFO: Transport failed
io.netty.handler.codec.http2.Http2Exception: HTTP/2 client preface string missing or corrupt. Hex dump for received bytes: 16030105a8010005a40303fea3ff4bebc73345a599e39b73
	at io.netty.handler.codec.http2.Http2Exception.connectionError(Http2Exception.java:107)
	at io.netty.handler.codec.http2.Http2ConnectionHandler$PrefaceDecoder.readClientPrefaceString(Http2ConnectionHandler.java:319)
	at io.netty.handler.codec.http2.Http2ConnectionHandler$PrefaceDecoder.decode(Http2ConnectionHandler.java:245)
	at io.netty.handler.codec.http2.Http2ConnectionHandler.decode(Http2ConnectionHandler.java:451)
	at io.netty.handler.codec.ByteToMessageDecoder.decodeRemovalReentryProtection(ByteToMessageDecoder.java:530)
	at io.netty.handler.codec.ByteToMessageDecoder.callDecode(ByteToMessageDecoder.java:469)
	at io.netty.handler.codec.ByteToMessageDecoder.channelRead(ByteToMessageDecoder.java:290)
	at io.netty.channel.AbstractChannelHandlerContext.invokeChannelRead(AbstractChannelHandlerContext.java:444)
	at io.netty.channel.AbstractChannelHandlerContext.invokeChannelRead(AbstractChannelHandlerContext.java:420)
	at io.netty.channel.AbstractChannelHandlerContext.fireChannelRead(AbstractChannelHandlerContext.java:412)
	at io.netty.channel.DefaultChannelPipeline$HeadContext.channelRead(DefaultChannelPipeline.java:1407)
	at io.netty.channel.AbstractChannelHandlerContext.invokeChannelRead(AbstractChannelHandlerContext.java:440)
	at io.netty.channel.AbstractChannelHandlerContext.invokeChannelRead(AbstractChannelHandlerContext.java:420)
	at io.netty.channel.DefaultChannelPipeline.fireChannelRead(DefaultChannelPipeline.java:918)
	at io.netty.channel.nio.AbstractNioByteChannel$NioByteUnsafe.read(AbstractNioByteChannel.java:166)
	at io.netty.channel.nio.NioEventLoop.processSelectedKey(NioEventLoop.java:788)
	at io.netty.channel.nio.NioEventLoop.processSelectedKeysOptimized(NioEventLoop.java:724)
	at io.netty.channel.nio.NioEventLoop.processSelectedKeys(NioEventLoop.java:650)
	at io.netty.channel.nio.NioEventLoop.run(NioEventLoop.java:562)
	at io.netty.util.concurrent.SingleThreadEventExecutor$4.run(SingleThreadEventExecutor.java:994)
	at io.netty.util.internal.ThreadExecutorMap$2.run(ThreadExecutorMap.java:74)
	at io.netty.util.concurrent.FastThreadLocalRunnable.run(FastThreadLocalRunnable.java:30)
	at java.base/java.lang.Thread.run(Thread.java:1583)

 {"metadata":{"emulator":{"name":"firestore"},"message":"Jul 25, 2025 6:51:42 AM io.grpc.netty.NettyServerTransport notifyTerminated\nINFO: Transport failed\nio.netty.handler.codec.http2.Http2Exception: HTTP/2 client preface string missing or corrupt. Hex dump for received bytes: 16030105a8010005a40303fea3ff4bebc73345a599e39b73\n\tat io.netty.handler.codec.http2.Http2Exception.connectionError(Http2Exception.java:107)\n\tat io.netty.handler.codec.http2.Http2ConnectionHandler$PrefaceDecoder.readClientPrefaceString(Http2ConnectionHandler.java:319)\n\tat io.netty.handler.codec.http2.Http2ConnectionHandler$PrefaceDecoder.decode(Http2ConnectionHandler.java:245)\n\tat io.netty.handler.codec.http2.Http2ConnectionHandler.decode(Http2ConnectionHandler.java:451)\n\tat io.netty.handler.codec.ByteToMessageDecoder.decodeRemovalReentryProtection(ByteToMessageDecoder.java:530)\n\tat io.netty.handler.codec.ByteToMessageDecoder.callDecode(ByteToMessageDecoder.java:469)\n\tat io.netty.handler.codec.ByteToMessageDecoder.channelRead(ByteToMessageDecoder.java:290)\n\tat io.netty.channel.AbstractChannelHandlerContext.invokeChannelRead(AbstractChannelHandlerContext.java:444)\n\tat io.netty.channel.AbstractChannelHandlerContext.invokeChannelRead(AbstractChannelHandlerContext.java:420)\n\tat io.netty.channel.AbstractChannelHandlerContext.fireChannelRead(AbstractChannelHandlerContext.java:412)\n\tat io.netty.channel.DefaultChannelPipeline$HeadContext.channelRead(DefaultChannelPipeline.java:1407)\n\tat io.netty.channel.AbstractChannelHandlerContext.invokeChannelRead(AbstractChannelHandlerContext.java:440)\n\tat io.netty.channel.AbstractChannelHandlerContext.invokeChannelRead(AbstractChannelHandlerContext.java:420)\n\tat io.netty.channel.DefaultChannelPipeline.fireChannelRead(DefaultChannelPipeline.java:918)\n\tat io.netty.channel.nio.AbstractNioByteChannel$NioByteUnsafe.read(AbstractNioByteChannel.java:166)\n\tat io.netty.channel.nio.NioEventLoop.processSelectedKey(NioEventLoop.java:788)\n\tat io.netty.channel.nio.NioEventLoop.processSelectedKeysOptimized(NioEventLoop.java:724)\n\tat io.netty.channel.nio.NioEventLoop.processSelectedKeys(NioEventLoop.java:650)\n\tat io.netty.channel.nio.NioEventLoop.run(NioEventLoop.java:562)\n\tat io.netty.util.concurrent.SingleThreadEventExecutor$4.run(SingleThreadEventExecutor.java:994)\n\tat io.netty.util.internal.ThreadExecutorMap$2.run(ThreadExecutorMap.java:74)\n\tat io.netty.util.concurrent.FastThreadLocalRunnable.run(FastThreadLocalRunnable.java:30)\n\tat java.base/java.lang.Thread.run(Thread.java:1583)\n\n"}}
[debug] [2025-07-25T06:51:45.582Z] Jul 25, 2025 6:51:45 AM com.google.cloud.datastore.emulator.firestore.websocket.WebSocketChannelHandler initChannel
INFO: Connected to new websocket client
 {"metadata":{"emulator":{"name":"firestore"},"message":"Jul 25, 2025 6:51:45 AM com.google.cloud.datastore.emulator.firestore.websocket.WebSocketChannelHandler initChannel\nINFO: Connected to new websocket client\n"}}
[info] i  firestore: Change detected, updating rules... 
[debug] [2025-07-25T06:52:09.215Z] >>> [apiv2][query] PUT http://127.0.0.1:8080/emulator/v1/projects/demo-app:securityRules [none]
[debug] [2025-07-25T06:52:09.216Z] >>> [apiv2][body] PUT http://127.0.0.1:8080/emulator/v1/projects/demo-app:securityRules {"ignore_errors":true,"rules":{"files":[{"name":"security.rules","content":"\n1\nrules_version = '2';\n2\n​\n3\nservice cloud.firestore {\n4\n  match /databases/{database}/documents {\n5\n    match /{document=**} {\n6\n      allow read, write: if false;\n7\n    }\n8\n  }\n9\n}\n"}]}}
[debug] [2025-07-25T06:52:09.233Z] Jul 25, 2025 6:52:09 AM io.gapi.emulators.netty.HttpVersionRoutingHandler channelRead
INFO: Detected non-HTTP/2 connection.
 {"metadata":{"emulator":{"name":"firestore"},"message":"Jul 25, 2025 6:52:09 AM io.gapi.emulators.netty.HttpVersionRoutingHandler channelRead\nINFO: Detected non-HTTP/2 connection.\n"}}
[debug] [2025-07-25T06:52:09.640Z] Jul 25, 2025 6:52:09 AM io.gapi.emulators.netty.HttpVersionRoutingHandler channelRead
INFO: Detected HTTP/2 connection.
 {"metadata":{"emulator":{"name":"firestore"},"message":"Jul 25, 2025 6:52:09 AM io.gapi.emulators.netty.HttpVersionRoutingHandler channelRead\nINFO: Detected HTTP/2 connection.\n"}}
[debug] [2025-07-25T06:52:11.302Z] <<< [apiv2][status] PUT http://127.0.0.1:8080/emulator/v1/projects/demo-app:securityRules 200
[debug] [2025-07-25T06:52:11.303Z] <<< [apiv2][body] PUT http://127.0.0.1:8080/emulator/v1/projects/demo-app:securityRules {"issues":[{"sourcePosition":{"fileName":"security.rules","line":2,"column":1,"currentOffset":1,"endOffset":1},"description":"Unexpected '1'.","severity":"ERROR"},{"sourcePosition":{"fileName":"security.rules","line":4,"column":1,"currentOffset":24,"endOffset":24},"description":"mismatched input '2' expecting {'function', 'import', 'service'}","severity":"ERROR"},{"sourcePosition":{"fileName":"security.rules","line":5,"column":1,"currentOffset":26,"endOffset":26},"description":"token recognition error at: '​'","severity":"ERROR"}]}
[warn] ⚠  firestore.rules:2:1 - ERROR Unexpected '1'. 
[warn] ⚠  firestore.rules:4:1 - ERROR mismatched input '2' expecting {'function', 'import', 'service'} 
[warn] ⚠  firestore.rules:5:1 - ERROR token recognition error at: '​' 
[info] ✔  firestore: Rules updated. 
[info] i  firestore: Change detected, updating rules... 
[debug] [2025-07-25T06:52:29.409Z] >>> [apiv2][query] PUT http://127.0.0.1:8080/emulator/v1/projects/demo-app:securityRules [none]
[debug] [2025-07-25T06:52:29.409Z] >>> [apiv2][body] PUT http://127.0.0.1:8080/emulator/v1/projects/demo-app:securityRules {"ignore_errors":true,"rules":{"files":[{"name":"security.rules","content":"rules_version = '2';\n\nservice cloud.firestore {\n  match /databases/{database}/documents {\n    match /{document=**} {\n      allow read, write: if false;\n    }\n  }\n}"}]}}
[debug] [2025-07-25T06:52:29.428Z] Jul 25, 2025 6:52:29 AM io.gapi.emulators.netty.HttpVersionRoutingHandler channelRead
INFO: Detected non-HTTP/2 connection.
 {"metadata":{"emulator":{"name":"firestore"},"message":"Jul 25, 2025 6:52:29 AM io.gapi.emulators.netty.HttpVersionRoutingHandler channelRead\nINFO: Detected non-HTTP/2 connection.\n"}}
[debug] [2025-07-25T06:52:29.488Z] <<< [apiv2][status] PUT http://127.0.0.1:8080/emulator/v1/projects/demo-app:securityRules 200
[debug] [2025-07-25T06:52:29.492Z] <<< [apiv2][body] PUT http://127.0.0.1:8080/emulator/v1/projects/demo-app:securityRules {}
[info] ✔  firestore: Rules updated. 
[info] i  firestore: Change detected, updating rules... 
[debug] [2025-07-25T06:55:05.243Z] >>> [apiv2][query] PUT http://127.0.0.1:8080/emulator/v1/projects/demo-app:securityRules [none]
[debug] [2025-07-25T06:55:05.243Z] >>> [apiv2][body] PUT http://127.0.0.1:8080/emulator/v1/projects/demo-app:securityRules {"ignore_errors":true,"rules":{"files":[{"name":"security.rules","content":""}]}}
[debug] [2025-07-25T06:55:05.287Z] Jul 25, 2025 6:55:05 AM io.gapi.emulators.netty.HttpVersionRoutingHandler channelRead
INFO: Detected non-HTTP/2 connection.
 {"metadata":{"emulator":{"name":"firestore"},"message":"Jul 25, 2025 6:55:05 AM io.gapi.emulators.netty.HttpVersionRoutingHandler channelRead\nINFO: Detected non-HTTP/2 connection.\n"}}
[debug] [2025-07-25T06:55:05.814Z] <<< [apiv2][status] PUT http://127.0.0.1:8080/emulator/v1/projects/demo-app:securityRules 200
[debug] [2025-07-25T06:55:05.814Z] <<< [apiv2][body] PUT http://127.0.0.1:8080/emulator/v1/projects/demo-app:securityRules {"issues":[{"sourcePosition":{"fileName":"security.rules"},"description":"Rules content empty. Compilation aborted.","severity":"ERROR"}]}
[warn] ⚠  firestore.rules:0:0 - ERROR Rules content empty. Compilation aborted. 
[info] ✔  firestore: Rules updated. 
[info] i  firestore: Change detected, updating rules... 
[debug] [2025-07-25T06:57:17.131Z] >>> [apiv2][query] PUT http://127.0.0.1:8080/emulator/v1/projects/demo-app:securityRules [none]
[debug] [2025-07-25T06:57:17.132Z] >>> [apiv2][body] PUT http://127.0.0.1:8080/emulator/v1/projects/demo-app:securityRules {"ignore_errors":true,"rules":{"files":[{"name":"security.rules","content":"\nrules_version = '2';\n\nservice cloud.firestore {\n  match /databases/{database}/documents {\n    // Allow read/write access to all documents for now\n    // This is temporary for the data migration.\n    // We will secure this after the migration is complete.\n    match /{document=**} {\n      allow read, write: if true;\n    }\n  }\n}\n"}]}}
[debug] [2025-07-25T06:57:17.151Z] Jul 25, 2025 6:57:17 AM io.gapi.emulators.netty.HttpVersionRoutingHandler channelRead
INFO: Detected non-HTTP/2 connection.
 {"metadata":{"emulator":{"name":"firestore"},"message":"Jul 25, 2025 6:57:17 AM io.gapi.emulators.netty.HttpVersionRoutingHandler channelRead\nINFO: Detected non-HTTP/2 connection.\n"}}
[debug] [2025-07-25T06:57:17.338Z] <<< [apiv2][status] PUT http://127.0.0.1:8080/emulator/v1/projects/demo-app:securityRules 200
[debug] [2025-07-25T06:57:17.349Z] <<< [apiv2][body] PUT http://127.0.0.1:8080/emulator/v1/projects/demo-app:securityRules {}
[info] ✔  firestore: Rules updated. 
[debug] [2025-07-25T06:57:48.122Z] Jul 25, 2025 6:57:48 AM io.grpc.netty.NettyServerTransport notifyTerminated
INFO: Transport failed
io.netty.handler.codec.http2.Http2Exception: Unexpected HTTP/1.x request: GET / 
	at io.netty.handler.codec.http2.Http2Exception.connectionError(Http2Exception.java:107)
	at io.netty.handler.codec.http2.Http2ConnectionHandler$PrefaceDecoder.readClientPrefaceString(Http2ConnectionHandler.java:315)
	at io.netty.handler.codec.http2.Http2ConnectionHandler$PrefaceDecoder.decode(Http2ConnectionHandler.java:245)
	at io.netty.handler.codec.http2.Http2ConnectionHandler.decode(Http2ConnectionHandler.java:451)
	at io.netty.handler.codec.ByteToMessageDecoder.decodeRemovalReentryProtection(ByteToMessageDecoder.java:530)
	at io.netty.handler.codec.ByteToMessageDecoder.callDecode(ByteToMessageDecoder.java:469)
	at io.netty.handler.codec.ByteToMessageDecoder.channelRead(ByteToMessageDecoder.java:290)
	at io.netty.channel.AbstractChannelHandlerContext.invokeChannelRead(AbstractChannelHandlerContext.java:444)
	at io.netty.channel.AbstractChannelHandlerContext.invokeChannelRead(AbstractChannelHandlerContext.java:420)
	at io.netty.channel.AbstractChannelHandlerContext.fireChannelRead(AbstractChannelHandlerContext.java:412)
	at io.netty.channel.DefaultChannelPipeline$HeadContext.channelRead(DefaultChannelPipeline.java:1407)
	at io.netty.channel.AbstractChannelHandlerContext.invokeChannelRead(AbstractChannelHandlerContext.java:440)
	at io.netty.channel.AbstractChannelHandlerContext.invokeChannelRead(AbstractChannelHandlerContext.java:420)
	at io.netty.channel.DefaultChannelPipeline.fireChannelRead(DefaultChannelPipeline.java:918)
	at io.netty.channel.nio.AbstractNioByteChannel$NioByteUnsafe.read(AbstractNioByteChannel.java:166)
	at io.netty.channel.nio.NioEventLoop.processSelectedKey(NioEventLoop.java:788)
	at io.netty.channel.nio.NioEventLoop.processSelectedKeysOptimized(NioEventLoop.java:724)
	at io.netty.channel.nio.NioEventLoop.processSelectedKeys(NioEventLoop.java:650)
	at io.netty.channel.nio.NioEventLoop.run(NioEventLoop.java:562)
	at io.netty.util.concurrent.SingleThreadEventExecutor$4.run(SingleThreadEventExecutor.java:994)
	at io.netty.util.internal.ThreadExecutorMap$2.run(ThreadExecutorMap.java:74)
	at io.netty.util.concurrent.FastThreadLocalRunnable.run(FastThreadLocalRunnable.java:30)
	at java.base/java.lang.Thread.run(Thread.java:1583)

 {"metadata":{"emulator":{"name":"firestore"},"message":"Jul 25, 2025 6:57:48 AM io.grpc.netty.NettyServerTransport notifyTerminated\nINFO: Transport failed\nio.netty.handler.codec.http2.Http2Exception: Unexpected HTTP/1.x request: GET / \n\tat io.netty.handler.codec.http2.Http2Exception.connectionError(Http2Exception.java:107)\n\tat io.netty.handler.codec.http2.Http2ConnectionHandler$PrefaceDecoder.readClientPrefaceString(Http2ConnectionHandler.java:315)\n\tat io.netty.handler.codec.http2.Http2ConnectionHandler$PrefaceDecoder.decode(Http2ConnectionHandler.java:245)\n\tat io.netty.handler.codec.http2.Http2ConnectionHandler.decode(Http2ConnectionHandler.java:451)\n\tat io.netty.handler.codec.ByteToMessageDecoder.decodeRemovalReentryProtection(ByteToMessageDecoder.java:530)\n\tat io.netty.handler.codec.ByteToMessageDecoder.callDecode(ByteToMessageDecoder.java:469)\n\tat io.netty.handler.codec.ByteToMessageDecoder.channelRead(ByteToMessageDecoder.java:290)\n\tat io.netty.channel.AbstractChannelHandlerContext.invokeChannelRead(AbstractChannelHandlerContext.java:444)\n\tat io.netty.channel.AbstractChannelHandlerContext.invokeChannelRead(AbstractChannelHandlerContext.java:420)\n\tat io.netty.channel.AbstractChannelHandlerContext.fireChannelRead(AbstractChannelHandlerContext.java:412)\n\tat io.netty.channel.DefaultChannelPipeline$HeadContext.channelRead(DefaultChannelPipeline.java:1407)\n\tat io.netty.channel.AbstractChannelHandlerContext.invokeChannelRead(AbstractChannelHandlerContext.java:440)\n\tat io.netty.channel.AbstractChannelHandlerContext.invokeChannelRead(AbstractChannelHandlerContext.java:420)\n\tat io.netty.channel.DefaultChannelPipeline.fireChannelRead(DefaultChannelPipeline.java:918)\n\tat io.netty.channel.nio.AbstractNioByteChannel$NioByteUnsafe.read(AbstractNioByteChannel.java:166)\n\tat io.netty.channel.nio.NioEventLoop.processSelectedKey(NioEventLoop.java:788)\n\tat io.netty.channel.nio.NioEventLoop.processSelectedKeysOptimized(NioEventLoop.java:724)\n\tat io.netty.channel.nio.NioEventLoop.processSelectedKeys(NioEventLoop.java:650)\n\tat io.netty.channel.nio.NioEventLoop.run(NioEventLoop.java:562)\n\tat io.netty.util.concurrent.SingleThreadEventExecutor$4.run(SingleThreadEventExecutor.java:994)\n\tat io.netty.util.internal.ThreadExecutorMap$2.run(ThreadExecutorMap.java:74)\n\tat io.netty.util.concurrent.FastThreadLocalRunnable.run(FastThreadLocalRunnable.java:30)\n\tat java.base/java.lang.Thread.run(Thread.java:1583)\n\n"}}
[debug] [2025-07-25T06:57:48.174Z] Jul 25, 2025 6:57:48 AM io.gapi.emulators.netty.HttpVersionRoutingHandler channelRead
INFO: Detected non-HTTP/2 connection.
 {"metadata":{"emulator":{"name":"firestore"},"message":"Jul 25, 2025 6:57:48 AM io.gapi.emulators.netty.HttpVersionRoutingHandler channelRead\nINFO: Detected non-HTTP/2 connection.\n"}}
[debug] [2025-07-25T06:57:48.220Z] Jul 25, 2025 6:57:48 AM io.grpc.netty.NettyServerTransport notifyTerminated
INFO: Transport failed
io.netty.handler.codec.http2.Http2Exception: HTTP/2 client preface string missing or corrupt. Hex dump for received bytes: 16030105a8010005a4030398be19a34e21d90d2d7a123994
	at io.netty.handler.codec.http2.Http2Exception.connectionError(Http2Exception.java:107)
	at io.netty.handler.codec.http2.Http2ConnectionHandler$PrefaceDecoder.readClientPrefaceString(Http2ConnectionHandler.java:319)
	at io.netty.handler.codec.http2.Http2ConnectionHandler$PrefaceDecoder.decode(Http2ConnectionHandler.java:245)
	at io.netty.handler.codec.http2.Http2ConnectionHandler.decode(Http2ConnectionHandler.java:451)
	at io.netty.handler.codec.ByteToMessageDecoder.decodeRemovalReentryProtection(ByteToMessageDecoder.java:530)
	at io.netty.handler.codec.ByteToMessageDecoder.callDecode(ByteToMessageDecoder.java:469)
	at io.netty.handler.codec.ByteToMessageDecoder.channelRead(ByteToMessageDecoder.java:290)
	at io.netty.channel.AbstractChannelHandlerContext.invokeChannelRead(AbstractChannelHandlerContext.java:444)
	at io.netty.channel.AbstractChannelHandlerContext.invokeChannelRead(AbstractChannelHandlerContext.java:420)
	at io.netty.channel.AbstractChannelHandlerContext.fireChannelRead(AbstractChannelHandlerContext.java:412)
	at io.netty.channel.DefaultChannelPipeline$HeadContext.channelRead(DefaultChannelPipeline.java:1407)
	at io.netty.channel.AbstractChannelHandlerContext.invokeChannelRead(AbstractChannelHandlerContext.java:440)
	at io.netty.channel.AbstractChannelHandlerContext.invokeChannelRead(AbstractChannelHandlerContext.java:420)
	at io.netty.channel.DefaultChannelPipeline.fireChannelRead(DefaultChannelPipeline.java:918)
	at io.netty.channel.nio.AbstractNioByteChannel$NioByteUnsafe.read(AbstractNioByteChannel.java:166)
	at io.netty.channel.nio.NioEventLoop.processSelectedKey(NioEventLoop.java:788)
	at io.netty.channel.nio.NioEventLoop.processSelectedKeysOptimized(NioEventLoop.java:724)
	at io.netty.channel.nio.NioEventLoop.processSelectedKeys(NioEventLoop.java:650)
	at io.netty.channel.nio.NioEventLoop.run(NioEventLoop.java:562)
	at io.netty.util.concurrent.SingleThreadEventExecutor$4.run(SingleThreadEventExecutor.java:994)
	at io.netty.util.internal.ThreadExecutorMap$2.run(ThreadExecutorMap.java:74)
	at io.netty.util.concurrent.FastThreadLocalRunnable.run(FastThreadLocalRunnable.java:30)
	at java.base/java.lang.Thread.run(Thread.java:1583)

 {"metadata":{"emulator":{"name":"firestore"},"message":"Jul 25, 2025 6:57:48 AM io.grpc.netty.NettyServerTransport notifyTerminated\nINFO: Transport failed\nio.netty.handler.codec.http2.Http2Exception: HTTP/2 client preface string missing or corrupt. Hex dump for received bytes: 16030105a8010005a4030398be19a34e21d90d2d7a123994\n\tat io.netty.handler.codec.http2.Http2Exception.connectionError(Http2Exception.java:107)\n\tat io.netty.handler.codec.http2.Http2ConnectionHandler$PrefaceDecoder.readClientPrefaceString(Http2ConnectionHandler.java:319)\n\tat io.netty.handler.codec.http2.Http2ConnectionHandler$PrefaceDecoder.decode(Http2ConnectionHandler.java:245)\n\tat io.netty.handler.codec.http2.Http2ConnectionHandler.decode(Http2ConnectionHandler.java:451)\n\tat io.netty.handler.codec.ByteToMessageDecoder.decodeRemovalReentryProtection(ByteToMessageDecoder.java:530)\n\tat io.netty.handler.codec.ByteToMessageDecoder.callDecode(ByteToMessageDecoder.java:469)\n\tat io.netty.handler.codec.ByteToMessageDecoder.channelRead(ByteToMessageDecoder.java:290)\n\tat io.netty.channel.AbstractChannelHandlerContext.invokeChannelRead(AbstractChannelHandlerContext.java:444)\n\tat io.netty.channel.AbstractChannelHandlerContext.invokeChannelRead(AbstractChannelHandlerContext.java:420)\n\tat io.netty.channel.AbstractChannelHandlerContext.fireChannelRead(AbstractChannelHandlerContext.java:412)\n\tat io.netty.channel.DefaultChannelPipeline$HeadContext.channelRead(DefaultChannelPipeline.java:1407)\n\tat io.netty.channel.AbstractChannelHandlerContext.invokeChannelRead(AbstractChannelHandlerContext.java:440)\n\tat io.netty.channel.AbstractChannelHandlerContext.invokeChannelRead(AbstractChannelHandlerContext.java:420)\n\tat io.netty.channel.DefaultChannelPipeline.fireChannelRead(DefaultChannelPipeline.java:918)\n\tat io.netty.channel.nio.AbstractNioByteChannel$NioByteUnsafe.read(AbstractNioByteChannel.java:166)\n\tat io.netty.channel.nio.NioEventLoop.processSelectedKey(NioEventLoop.java:788)\n\tat io.netty.channel.nio.NioEventLoop.processSelectedKeysOptimized(NioEventLoop.java:724)\n\tat io.netty.channel.nio.NioEventLoop.processSelectedKeys(NioEventLoop.java:650)\n\tat io.netty.channel.nio.NioEventLoop.run(NioEventLoop.java:562)\n\tat io.netty.util.concurrent.SingleThreadEventExecutor$4.run(SingleThreadEventExecutor.java:994)\n\tat io.netty.util.internal.ThreadExecutorMap$2.run(ThreadExecutorMap.java:74)\n\tat io.netty.util.concurrent.FastThreadLocalRunnable.run(FastThreadLocalRunnable.java:30)\n\tat java.base/java.lang.Thread.run(Thread.java:1583)\n\n"}}
[debug] [2025-07-25T06:57:49.636Z] Jul 25, 2025 6:57:49 AM com.google.cloud.datastore.emulator.firestore.websocket.WebSocketChannelHandler initChannel
INFO: Connected to new websocket client
 {"metadata":{"emulator":{"name":"firestore"},"message":"Jul 25, 2025 6:57:49 AM com.google.cloud.datastore.emulator.firestore.websocket.WebSocketChannelHandler initChannel\nINFO: Connected to new websocket client\n"}}
[debug] [2025-07-25T06:58:08.152Z] Jul 25, 2025 6:58:08 AM com.google.cloud.datastore.emulator.firestore.websocket.WebSocketChannelHandler initChannel
INFO: Connected to new websocket client
 {"metadata":{"emulator":{"name":"firestore"},"message":"Jul 25, 2025 6:58:08 AM com.google.cloud.datastore.emulator.firestore.websocket.WebSocketChannelHandler initChannel\nINFO: Connected to new websocket client\n"}}
[debug] [2025-07-25T07:04:41.455Z] Jul 25, 2025 7:04:41 AM io.gapi.emulators.netty.HttpVersionRoutingHandler channelRead
INFO: Detected non-HTTP/2 connection.
 {"metadata":{"emulator":{"name":"firestore"},"message":"Jul 25, 2025 7:04:41 AM io.gapi.emulators.netty.HttpVersionRoutingHandler channelRead\nINFO: Detected non-HTTP/2 connection.\n"}}
[debug] [2025-07-25T07:04:41.620Z] Jul 25, 2025 7:04:41 AM io.grpc.netty.NettyServerTransport notifyTerminated
INFO: Transport failed
io.netty.handler.codec.http2.Http2Exception: Unexpected HTTP/1.x request: GET / 
	at io.netty.handler.codec.http2.Http2Exception.connectionError(Http2Exception.java:107)
	at io.netty.handler.codec.http2.Http2ConnectionHandler$PrefaceDecoder.readClientPrefaceString(Http2ConnectionHandler.java:315)
	at io.netty.handler.codec.http2.Http2ConnectionHandler$PrefaceDecoder.decode(Http2ConnectionHandler.java:245)
	at io.netty.handler.codec.http2.Http2ConnectionHandler.decode(Http2ConnectionHandler.java:451)
	at io.netty.handler.codec.ByteToMessageDecoder.decodeRemovalReentryProtection(ByteToMessageDecoder.java:530)
	at io.netty.handler.codec.ByteToMessageDecoder.callDecode(ByteToMessageDecoder.java:469)
	at io.netty.handler.codec.ByteToMessageDecoder.channelRead(ByteToMessageDecoder.java:290)
	at io.netty.channel.AbstractChannelHandlerContext.invokeChannelRead(AbstractChannelHandlerContext.java:444)
	at io.netty.channel.AbstractChannelHandlerContext.invokeChannelRead(AbstractChannelHandlerContext.java:420)
	at io.netty.channel.AbstractChannelHandlerContext.fireChannelRead(AbstractChannelHandlerContext.java:412)
	at io.netty.channel.DefaultChannelPipeline$HeadContext.channelRead(DefaultChannelPipeline.java:1407)
	at io.netty.channel.AbstractChannelHandlerContext.invokeChannelRead(AbstractChannelHandlerContext.java:440)
	at io.netty.channel.AbstractChannelHandlerContext.invokeChannelRead(AbstractChannelHandlerContext.java:420)
	at io.netty.channel.DefaultChannelPipeline.fireChannelRead(DefaultChannelPipeline.java:918)
	at io.netty.channel.nio.AbstractNioByteChannel$NioByteUnsafe.read(AbstractNioByteChannel.java:166)
	at io.netty.channel.nio.NioEventLoop.processSelectedKey(NioEventLoop.java:788)
	at io.netty.channel.nio.NioEventLoop.processSelectedKeysOptimized(NioEventLoop.java:724)
	at io.netty.channel.nio.NioEventLoop.processSelectedKeys(NioEventLoop.java:650)
	at io.netty.channel.nio.NioEventLoop.run(NioEventLoop.java:562)
	at io.netty.util.concurrent.SingleThreadEventExecutor$4.run(SingleThreadEventExecutor.java:994)
	at io.netty.util.internal.ThreadExecutorMap$2.run(ThreadExecutorMap.java:74)
	at io.netty.util.concurrent.FastThreadLocalRunnable.run(FastThreadLocalRunnable.java:30)
	at java.base/java.lang.Thread.run(Thread.java:1583)

 {"metadata":{"emulator":{"name":"firestore"},"message":"Jul 25, 2025 7:04:41 AM io.grpc.netty.NettyServerTransport notifyTerminated\nINFO: Transport failed\nio.netty.handler.codec.http2.Http2Exception: Unexpected HTTP/1.x request: GET / \n\tat io.netty.handler.codec.http2.Http2Exception.connectionError(Http2Exception.java:107)\n\tat io.netty.handler.codec.http2.Http2ConnectionHandler$PrefaceDecoder.readClientPrefaceString(Http2ConnectionHandler.java:315)\n\tat io.netty.handler.codec.http2.Http2ConnectionHandler$PrefaceDecoder.decode(Http2ConnectionHandler.java:245)\n\tat io.netty.handler.codec.http2.Http2ConnectionHandler.decode(Http2ConnectionHandler.java:451)\n\tat io.netty.handler.codec.ByteToMessageDecoder.decodeRemovalReentryProtection(ByteToMessageDecoder.java:530)\n\tat io.netty.handler.codec.ByteToMessageDecoder.callDecode(ByteToMessageDecoder.java:469)\n\tat io.netty.handler.codec.ByteToMessageDecoder.channelRead(ByteToMessageDecoder.java:290)\n\tat io.netty.channel.AbstractChannelHandlerContext.invokeChannelRead(AbstractChannelHandlerContext.java:444)\n\tat io.netty.channel.AbstractChannelHandlerContext.invokeChannelRead(AbstractChannelHandlerContext.java:420)\n\tat io.netty.channel.AbstractChannelHandlerContext.fireChannelRead(AbstractChannelHandlerContext.java:412)\n\tat io.netty.channel.DefaultChannelPipeline$HeadContext.channelRead(DefaultChannelPipeline.java:1407)\n\tat io.netty.channel.AbstractChannelHandlerContext.invokeChannelRead(AbstractChannelHandlerContext.java:440)\n\tat io.netty.channel.AbstractChannelHandlerContext.invokeChannelRead(AbstractChannelHandlerContext.java:420)\n\tat io.netty.channel.DefaultChannelPipeline.fireChannelRead(DefaultChannelPipeline.java:918)\n\tat io.netty.channel.nio.AbstractNioByteChannel$NioByteUnsafe.read(AbstractNioByteChannel.java:166)\n\tat io.netty.channel.nio.NioEventLoop.processSelectedKey(NioEventLoop.java:788)\n\tat io.netty.channel.nio.NioEventLoop.processSelectedKeysOptimized(NioEventLoop.java:724)\n\tat io.netty.channel.nio.NioEventLoop.processSelectedKeys(NioEventLoop.java:650)\n\tat io.netty.channel.nio.NioEventLoop.run(NioEventLoop.java:562)\n\tat io.netty.util.concurrent.SingleThreadEventExecutor$4.run(SingleThreadEventExecutor.java:994)\n\tat io.netty.util.internal.ThreadExecutorMap$2.run(ThreadExecutorMap.java:74)\n\tat io.netty.util.concurrent.FastThreadLocalRunnable.run(FastThreadLocalRunnable.java:30)\n\tat java.base/java.lang.Thread.run(Thread.java:1583)\n\n"}}
[debug] [2025-07-25T07:04:41.688Z] Jul 25, 2025 7:04:41 AM io.grpc.netty.NettyServerTransport notifyTerminated
INFO: Transport failed
io.netty.handler.codec.http2.Http2Exception: HTTP/2 client preface string missing or corrupt. Hex dump for received bytes: 16030105a8010005a40303b2f2eb97800ad0c5efcb9857df
	at io.netty.handler.codec.http2.Http2Exception.connectionError(Http2Exception.java:107)
	at io.netty.handler.codec.http2.Http2ConnectionHandler$PrefaceDecoder.readClientPrefaceString(Http2ConnectionHandler.java:319)
	at io.netty.handler.codec.http2.Http2ConnectionHandler$PrefaceDecoder.decode(Http2ConnectionHandler.java:245)
	at io.netty.handler.codec.http2.Http2ConnectionHandler.decode(Http2ConnectionHandler.java:451)
	at io.netty.handler.codec.ByteToMessageDecoder.decodeRemovalReentryProtection(ByteToMessageDecoder.java:530)
	at io.netty.handler.codec.ByteToMessageDecoder.callDecode(ByteToMessageDecoder.java:469)
	at io.netty.handler.codec.ByteToMessageDecoder.channelRead(ByteToMessageDecoder.java:290)
	at io.netty.channel.AbstractChannelHandlerContext.invokeChannelRead(AbstractChannelHandlerContext.java:444)
	at io.netty.channel.AbstractChannelHandlerContext.invokeChannelRead(AbstractChannelHandlerContext.java:420)
	at io.netty.channel.AbstractChannelHandlerContext.fireChannelRead(AbstractChannelHandlerContext.java:412)
	at io.netty.channel.DefaultChannelPipeline$HeadContext.channelRead(DefaultChannelPipeline.java:1407)
	at io.netty.channel.AbstractChannelHandlerContext.invokeChannelRead(AbstractChannelHandlerContext.java:440)
	at io.netty.channel.AbstractChannelHandlerContext.invokeChannelRead(AbstractChannelHandlerContext.java:420)
	at io.netty.channel.DefaultChannelPipeline.fireChannelRead(DefaultChannelPipeline.java:918)
	at io.netty.channel.nio.AbstractNioByteChannel$NioByteUnsafe.read(AbstractNioByteChannel.java:166)
	at io.netty.channel.nio.NioEventLoop.processSelectedKey(NioEventLoop.java:788)
	at io.netty.channel.nio.NioEventLoop.processSelectedKeysOptimized(NioEventLoop.java:724)
	at io.netty.channel.nio.NioEventLoop.processSelectedKeys(NioEventLoop.java:650)
	at io.netty.channel.nio.NioEventLoop.run(NioEventLoop.java:562)
	at io.netty.util.concurrent.SingleThreadEventExecutor$4.run(SingleThreadEventExecutor.java:994)
	at io.netty.util.internal.ThreadExecutorMap$2.run(ThreadExecutorMap.java:74)
	at io.netty.util.concurrent.FastThreadLocalRunnable.run(FastThreadLocalRunnable.java:30)
	at java.base/java.lang.Thread.run(Thread.java:1583)

 {"metadata":{"emulator":{"name":"firestore"},"message":"Jul 25, 2025 7:04:41 AM io.grpc.netty.NettyServerTransport notifyTerminated\nINFO: Transport failed\nio.netty.handler.codec.http2.Http2Exception: HTTP/2 client preface string missing or corrupt. Hex dump for received bytes: 16030105a8010005a40303b2f2eb97800ad0c5efcb9857df\n\tat io.netty.handler.codec.http2.Http2Exception.connectionError(Http2Exception.java:107)\n\tat io.netty.handler.codec.http2.Http2ConnectionHandler$PrefaceDecoder.readClientPrefaceString(Http2ConnectionHandler.java:319)\n\tat io.netty.handler.codec.http2.Http2ConnectionHandler$PrefaceDecoder.decode(Http2ConnectionHandler.java:245)\n\tat io.netty.handler.codec.http2.Http2ConnectionHandler.decode(Http2ConnectionHandler.java:451)\n\tat io.netty.handler.codec.ByteToMessageDecoder.decodeRemovalReentryProtection(ByteToMessageDecoder.java:530)\n\tat io.netty.handler.codec.ByteToMessageDecoder.callDecode(ByteToMessageDecoder.java:469)\n\tat io.netty.handler.codec.ByteToMessageDecoder.channelRead(ByteToMessageDecoder.java:290)\n\tat io.netty.channel.AbstractChannelHandlerContext.invokeChannelRead(AbstractChannelHandlerContext.java:444)\n\tat io.netty.channel.AbstractChannelHandlerContext.invokeChannelRead(AbstractChannelHandlerContext.java:420)\n\tat io.netty.channel.AbstractChannelHandlerContext.fireChannelRead(AbstractChannelHandlerContext.java:412)\n\tat io.netty.channel.DefaultChannelPipeline$HeadContext.channelRead(DefaultChannelPipeline.java:1407)\n\tat io.netty.channel.AbstractChannelHandlerContext.invokeChannelRead(AbstractChannelHandlerContext.java:440)\n\tat io.netty.channel.AbstractChannelHandlerContext.invokeChannelRead(AbstractChannelHandlerContext.java:420)\n\tat io.netty.channel.DefaultChannelPipeline.fireChannelRead(DefaultChannelPipeline.java:918)\n\tat io.netty.channel.nio.AbstractNioByteChannel$NioByteUnsafe.read(AbstractNioByteChannel.java:166)\n\tat io.netty.channel.nio.NioEventLoop.processSelectedKey(NioEventLoop.java:788)\n\tat io.netty.channel.nio.NioEventLoop.processSelectedKeysOptimized(NioEventLoop.java:724)\n\tat io.netty.channel.nio.NioEventLoop.processSelectedKeys(NioEventLoop.java:650)\n\tat io.netty.channel.nio.NioEventLoop.run(NioEventLoop.java:562)\n\tat io.netty.util.concurrent.SingleThreadEventExecutor$4.run(SingleThreadEventExecutor.java:994)\n\tat io.netty.util.internal.ThreadExecutorMap$2.run(ThreadExecutorMap.java:74)\n\tat io.netty.util.concurrent.FastThreadLocalRunnable.run(FastThreadLocalRunnable.java:30)\n\tat java.base/java.lang.Thread.run(Thread.java:1583)\n\n"}}
[debug] [2025-07-25T07:04:43.131Z] Jul 25, 2025 7:04:43 AM com.google.cloud.datastore.emulator.firestore.websocket.WebSocketChannelHandler initChannel
INFO: Connected to new websocket client
 {"metadata":{"emulator":{"name":"firestore"},"message":"Jul 25, 2025 7:04:43 AM com.google.cloud.datastore.emulator.firestore.websocket.WebSocketChannelHandler initChannel\nINFO: Connected to new websocket client\n"}}
[debug] [2025-07-25T07:05:01.481Z] Jul 25, 2025 7:05:01 AM com.google.cloud.datastore.emulator.firestore.websocket.WebSocketChannelHandler initChannel
INFO: Connected to new websocket client
 {"metadata":{"emulator":{"name":"firestore"},"message":"Jul 25, 2025 7:05:01 AM com.google.cloud.datastore.emulator.firestore.websocket.WebSocketChannelHandler initChannel\nINFO: Connected to new websocket client\n"}}
[debug] [2025-07-25T07:09:27.861Z] Jul 25, 2025 7:09:27 AM io.grpc.netty.NettyServerTransport notifyTerminated
INFO: Transport failed
io.netty.handler.codec.http2.Http2Exception: Unexpected HTTP/1.x request: GET / 
	at io.netty.handler.codec.http2.Http2Exception.connectionError(Http2Exception.java:107)
	at io.netty.handler.codec.http2.Http2ConnectionHandler$PrefaceDecoder.readClientPrefaceString(Http2ConnectionHandler.java:315)
	at io.netty.handler.codec.http2.Http2ConnectionHandler$PrefaceDecoder.decode(Http2ConnectionHandler.java:245)
	at io.netty.handler.codec.http2.Http2ConnectionHandler.decode(Http2ConnectionHandler.java:451)
	at io.netty.handler.codec.ByteToMessageDecoder.decodeRemovalReentryProtection(ByteToMessageDecoder.java:530)
	at io.netty.handler.codec.ByteToMessageDecoder.callDecode(ByteToMessageDecoder.java:469)
	at io.netty.handler.codec.ByteToMessageDecoder.channelRead(ByteToMessageDecoder.java:290)
	at io.netty.channel.AbstractChannelHandlerContext.invokeChannelRead(AbstractChannelHandlerContext.java:444)
	at io.netty.channel.AbstractChannelHandlerContext.invokeChannelRead(AbstractChannelHandlerContext.java:420)
	at io.netty.channel.AbstractChannelHandlerContext.fireChannelRead(AbstractChannelHandlerContext.java:412)
	at io.netty.channel.DefaultChannelPipeline$HeadContext.channelRead(DefaultChannelPipeline.java:1407)
	at io.netty.channel.AbstractChannelHandlerContext.invokeChannelRead(AbstractChannelHandlerContext.java:440)
	at io.netty.channel.AbstractChannelHandlerContext.invokeChannelRead(AbstractChannelHandlerContext.java:420)
	at io.netty.channel.DefaultChannelPipeline.fireChannelRead(DefaultChannelPipeline.java:918)
	at io.netty.channel.nio.AbstractNioByteChannel$NioByteUnsafe.read(AbstractNioByteChannel.java:166)
	at io.netty.channel.nio.NioEventLoop.processSelectedKey(NioEventLoop.java:788)
	at io.netty.channel.nio.NioEventLoop.processSelectedKeysOptimized(NioEventLoop.java:724)
	at io.netty.channel.nio.NioEventLoop.processSelectedKeys(NioEventLoop.java:650)
	at io.netty.channel.nio.NioEventLoop.run(NioEventLoop.java:562)
	at io.netty.util.concurrent.SingleThreadEventExecutor$4.run(SingleThreadEventExecutor.java:994)
	at io.netty.util.internal.ThreadExecutorMap$2.run(ThreadExecutorMap.java:74)
	at io.netty.util.concurrent.FastThreadLocalRunnable.run(FastThreadLocalRunnable.java:30)
	at java.base/java.lang.Thread.run(Thread.java:1583)

 {"metadata":{"emulator":{"name":"firestore"},"message":"Jul 25, 2025 7:09:27 AM io.grpc.netty.NettyServerTransport notifyTerminated\nINFO: Transport failed\nio.netty.handler.codec.http2.Http2Exception: Unexpected HTTP/1.x request: GET / \n\tat io.netty.handler.codec.http2.Http2Exception.connectionError(Http2Exception.java:107)\n\tat io.netty.handler.codec.http2.Http2ConnectionHandler$PrefaceDecoder.readClientPrefaceString(Http2ConnectionHandler.java:315)\n\tat io.netty.handler.codec.http2.Http2ConnectionHandler$PrefaceDecoder.decode(Http2ConnectionHandler.java:245)\n\tat io.netty.handler.codec.http2.Http2ConnectionHandler.decode(Http2ConnectionHandler.java:451)\n\tat io.netty.handler.codec.ByteToMessageDecoder.decodeRemovalReentryProtection(ByteToMessageDecoder.java:530)\n\tat io.netty.handler.codec.ByteToMessageDecoder.callDecode(ByteToMessageDecoder.java:469)\n\tat io.netty.handler.codec.ByteToMessageDecoder.channelRead(ByteToMessageDecoder.java:290)\n\tat io.netty.channel.AbstractChannelHandlerContext.invokeChannelRead(AbstractChannelHandlerContext.java:444)\n\tat io.netty.channel.AbstractChannelHandlerContext.invokeChannelRead(AbstractChannelHandlerContext.java:420)\n\tat io.netty.channel.AbstractChannelHandlerContext.fireChannelRead(AbstractChannelHandlerContext.java:412)\n\tat io.netty.channel.DefaultChannelPipeline$HeadContext.channelRead(DefaultChannelPipeline.java:1407)\n\tat io.netty.channel.AbstractChannelHandlerContext.invokeChannelRead(AbstractChannelHandlerContext.java:440)\n\tat io.netty.channel.AbstractChannelHandlerContext.invokeChannelRead(AbstractChannelHandlerContext.java:420)\n\tat io.netty.channel.DefaultChannelPipeline.fireChannelRead(DefaultChannelPipeline.java:918)\n\tat io.netty.channel.nio.AbstractNioByteChannel$NioByteUnsafe.read(AbstractNioByteChannel.java:166)\n\tat io.netty.channel.nio.NioEventLoop.processSelectedKey(NioEventLoop.java:788)\n\tat io.netty.channel.nio.NioEventLoop.processSelectedKeysOptimized(NioEventLoop.java:724)\n\tat io.netty.channel.nio.NioEventLoop.processSelectedKeys(NioEventLoop.java:650)\n\tat io.netty.channel.nio.NioEventLoop.run(NioEventLoop.java:562)\n\tat io.netty.util.concurrent.SingleThreadEventExecutor$4.run(SingleThreadEventExecutor.java:994)\n\tat io.netty.util.internal.ThreadExecutorMap$2.run(ThreadExecutorMap.java:74)\n\tat io.netty.util.concurrent.FastThreadLocalRunnable.run(FastThreadLocalRunnable.java:30)\n\tat java.base/java.lang.Thread.run(Thread.java:1583)\n\n"}}
[debug] [2025-07-25T07:09:27.898Z] Jul 25, 2025 7:09:27 AM io.gapi.emulators.netty.HttpVersionRoutingHandler channelRead
INFO: Detected non-HTTP/2 connection.
 {"metadata":{"emulator":{"name":"firestore"},"message":"Jul 25, 2025 7:09:27 AM io.gapi.emulators.netty.HttpVersionRoutingHandler channelRead\nINFO: Detected non-HTTP/2 connection.\n"}}
[debug] [2025-07-25T07:09:27.913Z] Jul 25, 2025 7:09:27 AM io.grpc.netty.NettyServerTransport notifyTerminated
INFO: Transport failed
io.netty.handler.codec.http2.Http2Exception: HTTP/2 client preface string missing or corrupt. Hex dump for received bytes: 16030105a8010005a403039e184709324acf46cac26a4e01
	at io.netty.handler.codec.http2.Http2Exception.connectionError(Http2Exception.java:107)
	at io.netty.handler.codec.http2.Http2ConnectionHandler$PrefaceDecoder.readClientPrefaceString(Http2ConnectionHandler.java:319)
	at io.netty.handler.codec.http2.Http2ConnectionHandler$PrefaceDecoder.decode(Http2ConnectionHandler.java:245)
	at io.netty.handler.codec.http2.Http2ConnectionHandler.decode(Http2ConnectionHandler.java:451)
	at io.netty.handler.codec.ByteToMessageDecoder.decodeRemovalReentryProtection(ByteToMessageDecoder.java:530)
	at io.netty.handler.codec.ByteToMessageDecoder.callDecode(ByteToMessageDecoder.java:469)
	at io.netty.handler.codec.ByteToMessageDecoder.channelRead(ByteToMessageDecoder.java:290)
	at io.netty.channel.AbstractChannelHandlerContext.invokeChannelRead(AbstractChannelHandlerContext.java:444)
	at io.netty.channel.AbstractChannelHandlerContext.invokeChannelRead(AbstractChannelHandlerContext.java:420)
	at io.netty.channel.AbstractChannelHandlerContext.fireChannelRead(AbstractChannelHandlerContext.java:412)
	at io.netty.channel.DefaultChannelPipeline$HeadContext.channelRead(DefaultChannelPipeline.java:1407)
	at io.netty.channel.AbstractChannelHandlerContext.invokeChannelRead(AbstractChannelHandlerContext.java:440)
	at io.netty.channel.AbstractChannelHandlerContext.invokeChannelRead(AbstractChannelHandlerContext.java:420)
	at io.netty.channel.DefaultChannelPipeline.fireChannelRead(DefaultChannelPipeline.java:918)
	at io.netty.channel.nio.AbstractNioByteChannel$NioByteUnsafe.read(AbstractNioByteChannel.java:166)
	at io.netty.channel.nio.NioEventLoop.processSelectedKey(NioEventLoop.java:788)
	at io.netty.channel.nio.NioEventLoop.processSelectedKeysOptimized(NioEventLoop.java:724)
	at io.netty.channel.nio.NioEventLoop.processSelectedKeys(NioEventLoop.java:650)
	at io.netty.channel.nio.NioEventLoop.run(NioEventLoop.java:562)
	at io.netty.util.concurrent.SingleThreadEventExecutor$4.run(SingleThreadEventExecutor.java:994)
	at io.netty.util.internal.ThreadExecutorMap$2.run(ThreadExecutorMap.java:74)
	at io.netty.util.concurrent.FastThreadLocalRunnable.run(FastThreadLocalRunnable.java:30)
	at java.base/java.lang.Thread.run(Thread.java:1583)

 {"metadata":{"emulator":{"name":"firestore"},"message":"Jul 25, 2025 7:09:27 AM io.grpc.netty.NettyServerTransport notifyTerminated\nINFO: Transport failed\nio.netty.handler.codec.http2.Http2Exception: HTTP/2 client preface string missing or corrupt. Hex dump for received bytes: 16030105a8010005a403039e184709324acf46cac26a4e01\n\tat io.netty.handler.codec.http2.Http2Exception.connectionError(Http2Exception.java:107)\n\tat io.netty.handler.codec.http2.Http2ConnectionHandler$PrefaceDecoder.readClientPrefaceString(Http2ConnectionHandler.java:319)\n\tat io.netty.handler.codec.http2.Http2ConnectionHandler$PrefaceDecoder.decode(Http2ConnectionHandler.java:245)\n\tat io.netty.handler.codec.http2.Http2ConnectionHandler.decode(Http2ConnectionHandler.java:451)\n\tat io.netty.handler.codec.ByteToMessageDecoder.decodeRemovalReentryProtection(ByteToMessageDecoder.java:530)\n\tat io.netty.handler.codec.ByteToMessageDecoder.callDecode(ByteToMessageDecoder.java:469)\n\tat io.netty.handler.codec.ByteToMessageDecoder.channelRead(ByteToMessageDecoder.java:290)\n\tat io.netty.channel.AbstractChannelHandlerContext.invokeChannelRead(AbstractChannelHandlerContext.java:444)\n\tat io.netty.channel.AbstractChannelHandlerContext.invokeChannelRead(AbstractChannelHandlerContext.java:420)\n\tat io.netty.channel.AbstractChannelHandlerContext.fireChannelRead(AbstractChannelHandlerContext.java:412)\n\tat io.netty.channel.DefaultChannelPipeline$HeadContext.channelRead(DefaultChannelPipeline.java:1407)\n\tat io.netty.channel.AbstractChannelHandlerContext.invokeChannelRead(AbstractChannelHandlerContext.java:440)\n\tat io.netty.channel.AbstractChannelHandlerContext.invokeChannelRead(AbstractChannelHandlerContext.java:420)\n\tat io.netty.channel.DefaultChannelPipeline.fireChannelRead(DefaultChannelPipeline.java:918)\n\tat io.netty.channel.nio.AbstractNioByteChannel$NioByteUnsafe.read(AbstractNioByteChannel.java:166)\n\tat io.netty.channel.nio.NioEventLoop.processSelectedKey(NioEventLoop.java:788)\n\tat io.netty.channel.nio.NioEventLoop.processSelectedKeysOptimized(NioEventLoop.java:724)\n\tat io.netty.channel.nio.NioEventLoop.processSelectedKeys(NioEventLoop.java:650)\n\tat io.netty.channel.nio.NioEventLoop.run(NioEventLoop.java:562)\n\tat io.netty.util.concurrent.SingleThreadEventExecutor$4.run(SingleThreadEventExecutor.java:994)\n\tat io.netty.util.internal.ThreadExecutorMap$2.run(ThreadExecutorMap.java:74)\n\tat io.netty.util.concurrent.FastThreadLocalRunnable.run(FastThreadLocalRunnable.java:30)\n\tat java.base/java.lang.Thread.run(Thread.java:1583)\n\n"}}
[debug] [2025-07-25T07:09:29.319Z] Jul 25, 2025 7:09:29 AM com.google.cloud.datastore.emulator.firestore.websocket.WebSocketChannelHandler initChannel
INFO: Connected to new websocket client
 {"metadata":{"emulator":{"name":"firestore"},"message":"Jul 25, 2025 7:09:29 AM com.google.cloud.datastore.emulator.firestore.websocket.WebSocketChannelHandler initChannel\nINFO: Connected to new websocket client\n"}}
[debug] [2025-07-25T07:09:47.807Z] Jul 25, 2025 7:09:47 AM com.google.cloud.datastore.emulator.firestore.websocket.WebSocketChannelHandler initChannel
INFO: Connected to new websocket client
 {"metadata":{"emulator":{"name":"firestore"},"message":"Jul 25, 2025 7:09:47 AM com.google.cloud.datastore.emulator.firestore.websocket.WebSocketChannelHandler initChannel\nINFO: Connected to new websocket client\n"}}
[debug] [2025-07-25T07:39:57.934Z] Jul 25, 2025 7:39:57 AM io.gapi.emulators.netty.HttpVersionRoutingHandler channelRead
INFO: Detected non-HTTP/2 connection.
 {"metadata":{"emulator":{"name":"firestore"},"message":"Jul 25, 2025 7:39:57 AM io.gapi.emulators.netty.HttpVersionRoutingHandler channelRead\nINFO: Detected non-HTTP/2 connection.\n"}}
[debug] [2025-07-25T07:39:57.963Z] Jul 25, 2025 7:39:57 AM io.grpc.netty.NettyServerTransport notifyTerminated
INFO: Transport failed
io.netty.handler.codec.http2.Http2Exception: Unexpected HTTP/1.x request: GET / 
	at io.netty.handler.codec.http2.Http2Exception.connectionError(Http2Exception.java:107)
	at io.netty.handler.codec.http2.Http2ConnectionHandler$PrefaceDecoder.readClientPrefaceString(Http2ConnectionHandler.java:315)
	at io.netty.handler.codec.http2.Http2ConnectionHandler$PrefaceDecoder.decode(Http2ConnectionHandler.java:245)
	at io.netty.handler.codec.http2.Http2ConnectionHandler.decode(Http2ConnectionHandler.java:451)
	at io.netty.handler.codec.ByteToMessageDecoder.decodeRemovalReentryProtection(ByteToMessageDecoder.java:530)
	at io.netty.handler.codec.ByteToMessageDecoder.callDecode(ByteToMessageDecoder.java:469)
	at io.netty.handler.codec.ByteToMessageDecoder.channelRead(ByteToMessageDecoder.java:290)
	at io.netty.channel.AbstractChannelHandlerContext.invokeChannelRead(AbstractChannelHandlerContext.java:444)
	at io.netty.channel.AbstractChannelHandlerContext.invokeChannelRead(AbstractChannelHandlerContext.java:420)
	at io.netty.channel.AbstractChannelHandlerContext.fireChannelRead(AbstractChannelHandlerContext.java:412)
	at io.netty.channel.DefaultChannelPipeline$HeadContext.channelRead(DefaultChannelPipeline.java:1407)
	at io.netty.channel.AbstractChannelHandlerContext.invokeChannelRead(AbstractChannelHandlerContext.java:440)
	at io.netty.channel.AbstractChannelHandlerContext.invokeChannelRead(AbstractChannelHandlerContext.java:420)
	at io.netty.channel.DefaultChannelPipeline.fireChannelRead(DefaultChannelPipeline.java:918)
	at io.netty.channel.nio.AbstractNioByteChannel$NioByteUnsafe.read(AbstractNioByteChannel.java:166)
	at io.netty.channel.nio.NioEventLoop.processSelectedKey(NioEventLoop.java:788)
	at io.netty.channel.nio.NioEventLoop.processSelectedKeysOptimized(NioEventLoop.java:724)
	at io.netty.channel.nio.NioEventLoop.processSelectedKeys(NioEventLoop.java:650)
	at io.netty.channel.nio.NioEventLoop.run(NioEventLoop.java:562)
	at io.netty.util.concurrent.SingleThreadEventExecutor$4.run(SingleThreadEventExecutor.java:994)
	at io.netty.util.internal.ThreadExecutorMap$2.run(ThreadExecutorMap.java:74)
	at io.netty.util.concurrent.FastThreadLocalRunnable.run(FastThreadLocalRunnable.java:30)
	at java.base/java.lang.Thread.run(Thread.java:1583)

 {"metadata":{"emulator":{"name":"firestore"},"message":"Jul 25, 2025 7:39:57 AM io.grpc.netty.NettyServerTransport notifyTerminated\nINFO: Transport failed\nio.netty.handler.codec.http2.Http2Exception: Unexpected HTTP/1.x request: GET / \n\tat io.netty.handler.codec.http2.Http2Exception.connectionError(Http2Exception.java:107)\n\tat io.netty.handler.codec.http2.Http2ConnectionHandler$PrefaceDecoder.readClientPrefaceString(Http2ConnectionHandler.java:315)\n\tat io.netty.handler.codec.http2.Http2ConnectionHandler$PrefaceDecoder.decode(Http2ConnectionHandler.java:245)\n\tat io.netty.handler.codec.http2.Http2ConnectionHandler.decode(Http2ConnectionHandler.java:451)\n\tat io.netty.handler.codec.ByteToMessageDecoder.decodeRemovalReentryProtection(ByteToMessageDecoder.java:530)\n\tat io.netty.handler.codec.ByteToMessageDecoder.callDecode(ByteToMessageDecoder.java:469)\n\tat io.netty.handler.codec.ByteToMessageDecoder.channelRead(ByteToMessageDecoder.java:290)\n\tat io.netty.channel.AbstractChannelHandlerContext.invokeChannelRead(AbstractChannelHandlerContext.java:444)\n\tat io.netty.channel.AbstractChannelHandlerContext.invokeChannelRead(AbstractChannelHandlerContext.java:420)\n\tat io.netty.channel.AbstractChannelHandlerContext.fireChannelRead(AbstractChannelHandlerContext.java:412)\n\tat io.netty.channel.DefaultChannelPipeline$HeadContext.channelRead(DefaultChannelPipeline.java:1407)\n\tat io.netty.channel.AbstractChannelHandlerContext.invokeChannelRead(AbstractChannelHandlerContext.java:440)\n\tat io.netty.channel.AbstractChannelHandlerContext.invokeChannelRead(AbstractChannelHandlerContext.java:420)\n\tat io.netty.channel.DefaultChannelPipeline.fireChannelRead(DefaultChannelPipeline.java:918)\n\tat io.netty.channel.nio.AbstractNioByteChannel$NioByteUnsafe.read(AbstractNioByteChannel.java:166)\n\tat io.netty.channel.nio.NioEventLoop.processSelectedKey(NioEventLoop.java:788)\n\tat io.netty.channel.nio.NioEventLoop.processSelectedKeysOptimized(NioEventLoop.java:724)\n\tat io.netty.channel.nio.NioEventLoop.processSelectedKeys(NioEventLoop.java:650)\n\tat io.netty.channel.nio.NioEventLoop.run(NioEventLoop.java:562)\n\tat io.netty.util.concurrent.SingleThreadEventExecutor$4.run(SingleThreadEventExecutor.java:994)\n\tat io.netty.util.internal.ThreadExecutorMap$2.run(ThreadExecutorMap.java:74)\n\tat io.netty.util.concurrent.FastThreadLocalRunnable.run(FastThreadLocalRunnable.java:30)\n\tat java.base/java.lang.Thread.run(Thread.java:1583)\n\n"}}
[debug] [2025-07-25T07:39:58.023Z] Jul 25, 2025 7:39:58 AM io.grpc.netty.NettyServerTransport notifyTerminated
INFO: Transport failed
io.netty.handler.codec.http2.Http2Exception: HTTP/2 client preface string missing or corrupt. Hex dump for received bytes: 16030105a8010005a4030312f5dd73d0f615e77fa1486107
	at io.netty.handler.codec.http2.Http2Exception.connectionError(Http2Exception.java:107)
	at io.netty.handler.codec.http2.Http2ConnectionHandler$PrefaceDecoder.readClientPrefaceString(Http2ConnectionHandler.java:319)
	at io.netty.handler.codec.http2.Http2ConnectionHandler$PrefaceDecoder.decode(Http2ConnectionHandler.java:245)
	at io.netty.handler.codec.http2.Http2ConnectionHandler.decode(Http2ConnectionHandler.java:451)
	at io.netty.handler.codec.ByteToMessageDecoder.decodeRemovalReentryProtection(ByteToMessageDecoder.java:530)
	at io.netty.handler.codec.ByteToMessageDecoder.callDecode(ByteToMessageDecoder.java:469)
	at io.netty.handler.codec.ByteToMessageDecoder.channelRead(ByteToMessageDecoder.java:290)
	at io.netty.channel.AbstractChannelHandlerContext.invokeChannelRead(AbstractChannelHandlerContext.java:444)
	at io.netty.channel.AbstractChannelHandlerContext.invokeChannelRead(AbstractChannelHandlerContext.java:420)
	at io.netty.channel.AbstractChannelHandlerContext.fireChannelRead(AbstractChannelHandlerContext.java:412)
	at io.netty.channel.DefaultChannelPipeline$HeadContext.channelRead(DefaultChannelPipeline.java:1407)
	at io.netty.channel.AbstractChannelHandlerContext.invokeChannelRead(AbstractChannelHandlerContext.java:440)
	at io.netty.channel.AbstractChannelHandlerContext.invokeChannelRead(AbstractChannelHandlerContext.java:420)
	at io.netty.channel.DefaultChannelPipeline.fireChannelRead(DefaultChannelPipeline.java:918)
	at io.netty.channel.nio.AbstractNioByteChannel$NioByteUnsafe.read(AbstractNioByteChannel.java:166)
	at io.netty.channel.nio.NioEventLoop.processSelectedKey(NioEventLoop.java:788)
	at io.netty.channel.nio.NioEventLoop.processSelectedKeysOptimized(NioEventLoop.java:724)
	at io.netty.channel.nio.NioEventLoop.processSelectedKeys(NioEventLoop.java:650)
	at io.netty.channel.nio.NioEventLoop.run(NioEventLoop.java:562)
	at io.netty.util.concurrent.SingleThreadEventExecutor$4.run(SingleThreadEventExecutor.java:994)
	at io.netty.util.internal.ThreadExecutorMap$2.run(ThreadExecutorMap.java:74)
	at io.netty.util.concurrent.FastThreadLocalRunnable.run(FastThreadLocalRunnable.java:30)
	at java.base/java.lang.Thread.run(Thread.java:1583)

 {"metadata":{"emulator":{"name":"firestore"},"message":"Jul 25, 2025 7:39:58 AM io.grpc.netty.NettyServerTransport notifyTerminated\nINFO: Transport failed\nio.netty.handler.codec.http2.Http2Exception: HTTP/2 client preface string missing or corrupt. Hex dump for received bytes: 16030105a8010005a4030312f5dd73d0f615e77fa1486107\n\tat io.netty.handler.codec.http2.Http2Exception.connectionError(Http2Exception.java:107)\n\tat io.netty.handler.codec.http2.Http2ConnectionHandler$PrefaceDecoder.readClientPrefaceString(Http2ConnectionHandler.java:319)\n\tat io.netty.handler.codec.http2.Http2ConnectionHandler$PrefaceDecoder.decode(Http2ConnectionHandler.java:245)\n\tat io.netty.handler.codec.http2.Http2ConnectionHandler.decode(Http2ConnectionHandler.java:451)\n\tat io.netty.handler.codec.ByteToMessageDecoder.decodeRemovalReentryProtection(ByteToMessageDecoder.java:530)\n\tat io.netty.handler.codec.ByteToMessageDecoder.callDecode(ByteToMessageDecoder.java:469)\n\tat io.netty.handler.codec.ByteToMessageDecoder.channelRead(ByteToMessageDecoder.java:290)\n\tat io.netty.channel.AbstractChannelHandlerContext.invokeChannelRead(AbstractChannelHandlerContext.java:444)\n\tat io.netty.channel.AbstractChannelHandlerContext.invokeChannelRead(AbstractChannelHandlerContext.java:420)\n\tat io.netty.channel.AbstractChannelHandlerContext.fireChannelRead(AbstractChannelHandlerContext.java:412)\n\tat io.netty.channel.DefaultChannelPipeline$HeadContext.channelRead(DefaultChannelPipeline.java:1407)\n\tat io.netty.channel.AbstractChannelHandlerContext.invokeChannelRead(AbstractChannelHandlerContext.java:440)\n\tat io.netty.channel.AbstractChannelHandlerContext.invokeChannelRead(AbstractChannelHandlerContext.java:420)\n\tat io.netty.channel.DefaultChannelPipeline.fireChannelRead(DefaultChannelPipeline.java:918)\n\tat io.netty.channel.nio.AbstractNioByteChannel$NioByteUnsafe.read(AbstractNioByteChannel.java:166)\n\tat io.netty.channel.nio.NioEventLoop.processSelectedKey(NioEventLoop.java:788)\n\tat io.netty.channel.nio.NioEventLoop.processSelectedKeysOptimized(NioEventLoop.java:724)\n\tat io.netty.channel.nio.NioEventLoop.processSelectedKeys(NioEventLoop.java:650)\n\tat io.netty.channel.nio.NioEventLoop.run(NioEventLoop.java:562)\n\tat io.netty.util.concurrent.SingleThreadEventExecutor$4.run(SingleThreadEventExecutor.java:994)\n\tat io.netty.util.internal.ThreadExecutorMap$2.run(ThreadExecutorMap.java:74)\n\tat io.netty.util.concurrent.FastThreadLocalRunnable.run(FastThreadLocalRunnable.java:30)\n\tat java.base/java.lang.Thread.run(Thread.java:1583)\n\n"}}
[debug] [2025-07-25T07:39:59.941Z] Jul 25, 2025 7:39:59 AM com.google.cloud.datastore.emulator.firestore.websocket.WebSocketChannelHandler initChannel
INFO: Connected to new websocket client
 {"metadata":{"emulator":{"name":"firestore"},"message":"Jul 25, 2025 7:39:59 AM com.google.cloud.datastore.emulator.firestore.websocket.WebSocketChannelHandler initChannel\nINFO: Connected to new websocket client\n"}}
[debug] [2025-07-25T07:40:17.882Z] Jul 25, 2025 7:40:17 AM com.google.cloud.datastore.emulator.firestore.websocket.WebSocketChannelHandler initChannel
INFO: Connected to new websocket client
 {"metadata":{"emulator":{"name":"firestore"},"message":"Jul 25, 2025 7:40:17 AM com.google.cloud.datastore.emulator.firestore.websocket.WebSocketChannelHandler initChannel\nINFO: Connected to new websocket client\n"}}
[debug] [2025-07-25T07:47:15.242Z] Jul 25, 2025 7:47:15 AM io.gapi.emulators.netty.HttpVersionRoutingHandler channelRead
INFO: Detected non-HTTP/2 connection.
 {"metadata":{"emulator":{"name":"firestore"},"message":"Jul 25, 2025 7:47:15 AM io.gapi.emulators.netty.HttpVersionRoutingHandler channelRead\nINFO: Detected non-HTTP/2 connection.\n"}}
[debug] [2025-07-25T07:47:15.455Z] Jul 25, 2025 7:47:15 AM io.grpc.netty.NettyServerTransport notifyTerminated
INFO: Transport failed
io.netty.handler.codec.http2.Http2Exception: Unexpected HTTP/1.x request: GET / 
	at io.netty.handler.codec.http2.Http2Exception.connectionError(Http2Exception.java:107)
	at io.netty.handler.codec.http2.Http2ConnectionHandler$PrefaceDecoder.readClientPrefaceString(Http2ConnectionHandler.java:315)
	at io.netty.handler.codec.http2.Http2ConnectionHandler$PrefaceDecoder.decode(Http2ConnectionHandler.java:245)
	at io.netty.handler.codec.http2.Http2ConnectionHandler.decode(Http2ConnectionHandler.java:451)
	at io.netty.handler.codec.ByteToMessageDecoder.decodeRemovalReentryProtection(ByteToMessageDecoder.java:530)
	at io.netty.handler.codec.ByteToMessageDecoder.callDecode(ByteToMessageDecoder.java:469)
	at io.netty.handler.codec.ByteToMessageDecoder.channelRead(ByteToMessageDecoder.java:290)
	at io.netty.channel.AbstractChannelHandlerContext.invokeChannelRead(AbstractChannelHandlerContext.java:444)
	at io.netty.channel.AbstractChannelHandlerContext.invokeChannelRead(AbstractChannelHandlerContext.java:420)
	at io.netty.channel.AbstractChannelHandlerContext.fireChannelRead(AbstractChannelHandlerContext.java:412)
	at io.netty.channel.DefaultChannelPipeline$HeadContext.channelRead(DefaultChannelPipeline.java:1407)
	at io.netty.channel.AbstractChannelHandlerContext.invokeChannelRead(AbstractChannelHandlerContext.java:440)
	at io.netty.channel.AbstractChannelHandlerContext.invokeChannelRead(AbstractChannelHandlerContext.java:420)
	at io.netty.channel.DefaultChannelPipeline.fireChannelRead(DefaultChannelPipeline.java:918)
	at io.netty.channel.nio.AbstractNioByteChannel$NioByteUnsafe.read(AbstractNioByteChannel.java:166)
	at io.netty.channel.nio.NioEventLoop.processSelectedKey(NioEventLoop.java:788)
	at io.netty.channel.nio.NioEventLoop.processSelectedKeysOptimized(NioEventLoop.java:724)
	at io.netty.channel.nio.NioEventLoop.processSelectedKeys(NioEventLoop.java:650)
	at io.netty.channel.nio.NioEventLoop.run(NioEventLoop.java:562)
	at io.netty.util.concurrent.SingleThreadEventExecutor$4.run(SingleThreadEventExecutor.java:994)
	at io.netty.util.internal.ThreadExecutorMap$2.run(ThreadExecutorMap.java:74)
	at io.netty.util.concurrent.FastThreadLocalRunnable.run(FastThreadLocalRunnable.java:30)
	at java.base/java.lang.Thread.run(Thread.java:1583)

 {"metadata":{"emulator":{"name":"firestore"},"message":"Jul 25, 2025 7:47:15 AM io.grpc.netty.NettyServerTransport notifyTerminated\nINFO: Transport failed\nio.netty.handler.codec.http2.Http2Exception: Unexpected HTTP/1.x request: GET / \n\tat io.netty.handler.codec.http2.Http2Exception.connectionError(Http2Exception.java:107)\n\tat io.netty.handler.codec.http2.Http2ConnectionHandler$PrefaceDecoder.readClientPrefaceString(Http2ConnectionHandler.java:315)\n\tat io.netty.handler.codec.http2.Http2ConnectionHandler$PrefaceDecoder.decode(Http2ConnectionHandler.java:245)\n\tat io.netty.handler.codec.http2.Http2ConnectionHandler.decode(Http2ConnectionHandler.java:451)\n\tat io.netty.handler.codec.ByteToMessageDecoder.decodeRemovalReentryProtection(ByteToMessageDecoder.java:530)\n\tat io.netty.handler.codec.ByteToMessageDecoder.callDecode(ByteToMessageDecoder.java:469)\n\tat io.netty.handler.codec.ByteToMessageDecoder.channelRead(ByteToMessageDecoder.java:290)\n\tat io.netty.channel.AbstractChannelHandlerContext.invokeChannelRead(AbstractChannelHandlerContext.java:444)\n\tat io.netty.channel.AbstractChannelHandlerContext.invokeChannelRead(AbstractChannelHandlerContext.java:420)\n\tat io.netty.channel.AbstractChannelHandlerContext.fireChannelRead(AbstractChannelHandlerContext.java:412)\n\tat io.netty.channel.DefaultChannelPipeline$HeadContext.channelRead(DefaultChannelPipeline.java:1407)\n\tat io.netty.channel.AbstractChannelHandlerContext.invokeChannelRead(AbstractChannelHandlerContext.java:440)\n\tat io.netty.channel.AbstractChannelHandlerContext.invokeChannelRead(AbstractChannelHandlerContext.java:420)\n\tat io.netty.channel.DefaultChannelPipeline.fireChannelRead(DefaultChannelPipeline.java:918)\n\tat io.netty.channel.nio.AbstractNioByteChannel$NioByteUnsafe.read(AbstractNioByteChannel.java:166)\n\tat io.netty.channel.nio.NioEventLoop.processSelectedKey(NioEventLoop.java:788)\n\tat io.netty.channel.nio.NioEventLoop.processSelectedKeysOptimized(NioEventLoop.java:724)\n\tat io.netty.channel.nio.NioEventLoop.processSelectedKeys(NioEventLoop.java:650)\n\tat io.netty.channel.nio.NioEventLoop.run(NioEventLoop.java:562)\n\tat io.netty.util.concurrent.SingleThreadEventExecutor$4.run(SingleThreadEventExecutor.java:994)\n\tat io.netty.util.internal.ThreadExecutorMap$2.run(ThreadExecutorMap.java:74)\n\tat io.netty.util.concurrent.FastThreadLocalRunnable.run(FastThreadLocalRunnable.java:30)\n\tat java.base/java.lang.Thread.run(Thread.java:1583)\n\n"}}
[debug] [2025-07-25T07:47:15.475Z] Jul 25, 2025 7:47:15 AM io.grpc.netty.NettyServerTransport notifyTerminated
INFO: Transport failed
io.netty.handler.codec.http2.Http2Exception: HTTP/2 client preface string missing or corrupt. Hex dump for received bytes: 16030105a8010005a403035d61561ca11218c94313550cee
	at io.netty.handler.codec.http2.Http2Exception.connectionError(Http2Exception.java:107)
	at io.netty.handler.codec.http2.Http2ConnectionHandler$PrefaceDecoder.readClientPrefaceString(Http2ConnectionHandler.java:319)
	at io.netty.handler.codec.http2.Http2ConnectionHandler$PrefaceDecoder.decode(Http2ConnectionHandler.java:245)
	at io.netty.handler.codec.http2.Http2ConnectionHandler.decode(Http2ConnectionHandler.java:451)
	at io.netty.handler.codec.ByteToMessageDecoder.decodeRemovalReentryProtection(ByteToMessageDecoder.java:530)
	at io.netty.handler.codec.ByteToMessageDecoder.callDecode(ByteToMessageDecoder.java:469)
	at io.netty.handler.codec.ByteToMessageDecoder.channelRead(ByteToMessageDecoder.java:290)
	at io.netty.channel.AbstractChannelHandlerContext.invokeChannelRead(AbstractChannelHandlerContext.java:444)
	at io.netty.channel.AbstractChannelHandlerContext.invokeChannelRead(AbstractChannelHandlerContext.java:420)
	at io.netty.channel.AbstractChannelHandlerContext.fireChannelRead(AbstractChannelHandlerContext.java:412)
	at io.netty.channel.DefaultChannelPipeline$HeadContext.channelRead(DefaultChannelPipeline.java:1407)
	at io.netty.channel.AbstractChannelHandlerContext.invokeChannelRead(AbstractChannelHandlerContext.java:440)
	at io.netty.channel.AbstractChannelHandlerContext.invokeChannelRead(AbstractChannelHandlerContext.java:420)
	at io.netty.channel.DefaultChannelPipeline.fireChannelRead(DefaultChannelPipeline.java:918)
	at io.netty.channel.nio.AbstractNioByteChannel$NioByteUnsafe.read(AbstractNioByteChannel.java:166)
	at io.netty.channel.nio.NioEventLoop.processSelectedKey(NioEventLoop.java:788)
	at io.netty.channel.nio.NioEventLoop.processSelectedKeysOptimized(NioEventLoop.java:724)
	at io.netty.channel.nio.NioEventLoop.processSelectedKeys(NioEventLoop.java:650)
	at io.netty.channel.nio.NioEventLoop.run(NioEventLoop.java:562)
	at io.netty.util.concurrent.SingleThreadEventExecutor$4.run(SingleThreadEventExecutor.java:994)
	at io.netty.util.internal.ThreadExecutorMap$2.run(ThreadExecutorMap.java:74)
	at io.netty.util.concurrent.FastThreadLocalRunnable.run(FastThreadLocalRunnable.java:30)
	at java.base/java.lang.Thread.run(Thread.java:1583)

 {"metadata":{"emulator":{"name":"firestore"},"message":"Jul 25, 2025 7:47:15 AM io.grpc.netty.NettyServerTransport notifyTerminated\nINFO: Transport failed\nio.netty.handler.codec.http2.Http2Exception: HTTP/2 client preface string missing or corrupt. Hex dump for received bytes: 16030105a8010005a403035d61561ca11218c94313550cee\n\tat io.netty.handler.codec.http2.Http2Exception.connectionError(Http2Exception.java:107)\n\tat io.netty.handler.codec.http2.Http2ConnectionHandler$PrefaceDecoder.readClientPrefaceString(Http2ConnectionHandler.java:319)\n\tat io.netty.handler.codec.http2.Http2ConnectionHandler$PrefaceDecoder.decode(Http2ConnectionHandler.java:245)\n\tat io.netty.handler.codec.http2.Http2ConnectionHandler.decode(Http2ConnectionHandler.java:451)\n\tat io.netty.handler.codec.ByteToMessageDecoder.decodeRemovalReentryProtection(ByteToMessageDecoder.java:530)\n\tat io.netty.handler.codec.ByteToMessageDecoder.callDecode(ByteToMessageDecoder.java:469)\n\tat io.netty.handler.codec.ByteToMessageDecoder.channelRead(ByteToMessageDecoder.java:290)\n\tat io.netty.channel.AbstractChannelHandlerContext.invokeChannelRead(AbstractChannelHandlerContext.java:444)\n\tat io.netty.channel.AbstractChannelHandlerContext.invokeChannelRead(AbstractChannelHandlerContext.java:420)\n\tat io.netty.channel.AbstractChannelHandlerContext.fireChannelRead(AbstractChannelHandlerContext.java:412)\n\tat io.netty.channel.DefaultChannelPipeline$HeadContext.channelRead(DefaultChannelPipeline.java:1407)\n\tat io.netty.channel.AbstractChannelHandlerContext.invokeChannelRead(AbstractChannelHandlerContext.java:440)\n\tat io.netty.channel.AbstractChannelHandlerContext.invokeChannelRead(AbstractChannelHandlerContext.java:420)\n\tat io.netty.channel.DefaultChannelPipeline.fireChannelRead(DefaultChannelPipeline.java:918)\n\tat io.netty.channel.nio.AbstractNioByteChannel$NioByteUnsafe.read(AbstractNioByteChannel.java:166)\n\tat io.netty.channel.nio.NioEventLoop.processSelectedKey(NioEventLoop.java:788)\n\tat io.netty.channel.nio.NioEventLoop.processSelectedKeysOptimized(NioEventLoop.java:724)\n\tat io.netty.channel.nio.NioEventLoop.processSelectedKeys(NioEventLoop.java:650)\n\tat io.netty.channel.nio.NioEventLoop.run(NioEventLoop.java:562)\n\tat io.netty.util.concurrent.SingleThreadEventExecutor$4.run(SingleThreadEventExecutor.java:994)\n\tat io.netty.util.internal.ThreadExecutorMap$2.run(ThreadExecutorMap.java:74)\n\tat io.netty.util.concurrent.FastThreadLocalRunnable.run(FastThreadLocalRunnable.java:30)\n\tat java.base/java.lang.Thread.run(Thread.java:1583)\n\n"}}
[debug] [2025-07-25T07:47:17.197Z] Jul 25, 2025 7:47:17 AM com.google.cloud.datastore.emulator.firestore.websocket.WebSocketChannelHandler initChannel
INFO: Connected to new websocket client
 {"metadata":{"emulator":{"name":"firestore"},"message":"Jul 25, 2025 7:47:17 AM com.google.cloud.datastore.emulator.firestore.websocket.WebSocketChannelHandler initChannel\nINFO: Connected to new websocket client\n"}}
[debug] [2025-07-25T07:47:35.510Z] Jul 25, 2025 7:47:35 AM com.google.cloud.datastore.emulator.firestore.websocket.WebSocketChannelHandler initChannel
INFO: Connected to new websocket client
 {"metadata":{"emulator":{"name":"firestore"},"message":"Jul 25, 2025 7:47:35 AM com.google.cloud.datastore.emulator.firestore.websocket.WebSocketChannelHandler initChannel\nINFO: Connected to new websocket client\n"}}
[debug] [2025-07-25T07:50:42.634Z] Jul 25, 2025 7:50:42 AM io.grpc.netty.NettyServerTransport notifyTerminated
INFO: Transport failed
io.netty.handler.codec.http2.Http2Exception: Unexpected HTTP/1.x request: GET / 
	at io.netty.handler.codec.http2.Http2Exception.connectionError(Http2Exception.java:107)
	at io.netty.handler.codec.http2.Http2ConnectionHandler$PrefaceDecoder.readClientPrefaceString(Http2ConnectionHandler.java:315)
	at io.netty.handler.codec.http2.Http2ConnectionHandler$PrefaceDecoder.decode(Http2ConnectionHandler.java:245)
	at io.netty.handler.codec.http2.Http2ConnectionHandler.decode(Http2ConnectionHandler.java:451)
	at io.netty.handler.codec.ByteToMessageDecoder.decodeRemovalReentryProtection(ByteToMessageDecoder.java:530)
	at io.netty.handler.codec.ByteToMessageDecoder.callDecode(ByteToMessageDecoder.java:469)
	at io.netty.handler.codec.ByteToMessageDecoder.channelRead(ByteToMessageDecoder.java:290)
	at io.netty.channel.AbstractChannelHandlerContext.invokeChannelRead(AbstractChannelHandlerContext.java:444)
	at io.netty.channel.AbstractChannelHandlerContext.invokeChannelRead(AbstractChannelHandlerContext.java:420)
	at io.netty.channel.AbstractChannelHandlerContext.fireChannelRead(AbstractChannelHandlerContext.java:412)
	at io.netty.channel.DefaultChannelPipeline$HeadContext.channelRead(DefaultChannelPipeline.java:1407)
	at io.netty.channel.AbstractChannelHandlerContext.invokeChannelRead(AbstractChannelHandlerContext.java:440)
	at io.netty.channel.AbstractChannelHandlerContext.invokeChannelRead(AbstractChannelHandlerContext.java:420)
	at io.netty.channel.DefaultChannelPipeline.fireChannelRead(DefaultChannelPipeline.java:918)
	at io.netty.channel.nio.AbstractNioByteChannel$NioByteUnsafe.read(AbstractNioByteChannel.java:166)
	at io.netty.channel.nio.NioEventLoop.processSelectedKey(NioEventLoop.java:788)
	at io.netty.channel.nio.NioEventLoop.processSelectedKeysOptimized(NioEventLoop.java:724)
	at io.netty.channel.nio.NioEventLoop.processSelectedKeys(NioEventLoop.java:650)
	at io.netty.channel.nio.NioEventLoop.run(NioEventLoop.java:562)
	at io.netty.util.concurrent.SingleThreadEventExecutor$4.run(SingleThreadEventExecutor.java:994)
	at io.netty.util.internal.ThreadExecutorMap$2.run(ThreadExecutorMap.java:74)
	at io.netty.util.concurrent.FastThreadLocalRunnable.run(FastThreadLocalRunnable.java:30)
	at java.base/java.lang.Thread.run(Thread.java:1583)

 {"metadata":{"emulator":{"name":"firestore"},"message":"Jul 25, 2025 7:50:42 AM io.grpc.netty.NettyServerTransport notifyTerminated\nINFO: Transport failed\nio.netty.handler.codec.http2.Http2Exception: Unexpected HTTP/1.x request: GET / \n\tat io.netty.handler.codec.http2.Http2Exception.connectionError(Http2Exception.java:107)\n\tat io.netty.handler.codec.http2.Http2ConnectionHandler$PrefaceDecoder.readClientPrefaceString(Http2ConnectionHandler.java:315)\n\tat io.netty.handler.codec.http2.Http2ConnectionHandler$PrefaceDecoder.decode(Http2ConnectionHandler.java:245)\n\tat io.netty.handler.codec.http2.Http2ConnectionHandler.decode(Http2ConnectionHandler.java:451)\n\tat io.netty.handler.codec.ByteToMessageDecoder.decodeRemovalReentryProtection(ByteToMessageDecoder.java:530)\n\tat io.netty.handler.codec.ByteToMessageDecoder.callDecode(ByteToMessageDecoder.java:469)\n\tat io.netty.handler.codec.ByteToMessageDecoder.channelRead(ByteToMessageDecoder.java:290)\n\tat io.netty.channel.AbstractChannelHandlerContext.invokeChannelRead(AbstractChannelHandlerContext.java:444)\n\tat io.netty.channel.AbstractChannelHandlerContext.invokeChannelRead(AbstractChannelHandlerContext.java:420)\n\tat io.netty.channel.AbstractChannelHandlerContext.fireChannelRead(AbstractChannelHandlerContext.java:412)\n\tat io.netty.channel.DefaultChannelPipeline$HeadContext.channelRead(DefaultChannelPipeline.java:1407)\n\tat io.netty.channel.AbstractChannelHandlerContext.invokeChannelRead(AbstractChannelHandlerContext.java:440)\n\tat io.netty.channel.AbstractChannelHandlerContext.invokeChannelRead(AbstractChannelHandlerContext.java:420)\n\tat io.netty.channel.DefaultChannelPipeline.fireChannelRead(DefaultChannelPipeline.java:918)\n\tat io.netty.channel.nio.AbstractNioByteChannel$NioByteUnsafe.read(AbstractNioByteChannel.java:166)\n\tat io.netty.channel.nio.NioEventLoop.processSelectedKey(NioEventLoop.java:788)\n\tat io.netty.channel.nio.NioEventLoop.processSelectedKeysOptimized(NioEventLoop.java:724)\n\tat io.netty.channel.nio.NioEventLoop.processSelectedKeys(NioEventLoop.java:650)\n\tat io.netty.channel.nio.NioEventLoop.run(NioEventLoop.java:562)\n\tat io.netty.util.concurrent.SingleThreadEventExecutor$4.run(SingleThreadEventExecutor.java:994)\n\tat io.netty.util.internal.ThreadExecutorMap$2.run(ThreadExecutorMap.java:74)\n\tat io.netty.util.concurrent.FastThreadLocalRunnable.run(FastThreadLocalRunnable.java:30)\n\tat java.base/java.lang.Thread.run(Thread.java:1583)\n\n"}}
[debug] [2025-07-25T07:50:42.682Z] Jul 25, 2025 7:50:42 AM io.grpc.netty.NettyServerTransport notifyTerminated
INFO: Transport failed
io.netty.handler.codec.http2.Http2Exception: HTTP/2 client preface string missing or corrupt. Hex dump for received bytes: 16030105a8010005a40303d1f5831856df85070ad43ee2a0
	at io.netty.handler.codec.http2.Http2Exception.connectionError(Http2Exception.java:107)
	at io.netty.handler.codec.http2.Http2ConnectionHandler$PrefaceDecoder.readClientPrefaceString(Http2ConnectionHandler.java:319)
	at io.netty.handler.codec.http2.Http2ConnectionHandler$PrefaceDecoder.decode(Http2ConnectionHandler.java:245)
	at io.netty.handler.codec.http2.Http2ConnectionHandler.decode(Http2ConnectionHandler.java:451)
	at io.netty.handler.codec.ByteToMessageDecoder.decodeRemovalReentryProtection(ByteToMessageDecoder.java:530)
	at io.netty.handler.codec.ByteToMessageDecoder.callDecode(ByteToMessageDecoder.java:469)
	at io.netty.handler.codec.ByteToMessageDecoder.channelRead(ByteToMessageDecoder.java:290)
	at io.netty.channel.AbstractChannelHandlerContext.invokeChannelRead(AbstractChannelHandlerContext.java:444)
	at io.netty.channel.AbstractChannelHandlerContext.invokeChannelRead(AbstractChannelHandlerContext.java:420)
	at io.netty.channel.AbstractChannelHandlerContext.fireChannelRead(AbstractChannelHandlerContext.java:412)
	at io.netty.channel.DefaultChannelPipeline$HeadContext.channelRead(DefaultChannelPipeline.java:1407)
	at io.netty.channel.AbstractChannelHandlerContext.invokeChannelRead(AbstractChannelHandlerContext.java:440)
	at io.netty.channel.AbstractChannelHandlerContext.invokeChannelRead(AbstractChannelHandlerContext.java:420)
	at io.netty.channel.DefaultChannelPipeline.fireChannelRead(DefaultChannelPipeline.java:918)
	at io.netty.channel.nio.AbstractNioByteChannel$NioByteUnsafe.read(AbstractNioByteChannel.java:166)
	at io.netty.channel.nio.NioEventLoop.processSelectedKey(NioEventLoop.java:788)
	at io.netty.channel.nio.NioEventLoop.processSelectedKeysOptimized(NioEventLoop.java:724)
	at io.netty.channel.nio.NioEventLoop.processSelectedKeys(NioEventLoop.java:650)
	at io.netty.channel.nio.NioEventLoop.run(NioEventLoop.java:562)
	at io.netty.util.concurrent.SingleThreadEventExecutor$4.run(SingleThreadEventExecutor.java:994)
	at io.netty.util.internal.ThreadExecutorMap$2.run(ThreadExecutorMap.java:74)
	at io.netty.util.concurrent.FastThreadLocalRunnable.run(FastThreadLocalRunnable.java:30)
	at java.base/java.lang.Thread.run(Thread.java:1583)

 {"metadata":{"emulator":{"name":"firestore"},"message":"Jul 25, 2025 7:50:42 AM io.grpc.netty.NettyServerTransport notifyTerminated\nINFO: Transport failed\nio.netty.handler.codec.http2.Http2Exception: HTTP/2 client preface string missing or corrupt. Hex dump for received bytes: 16030105a8010005a40303d1f5831856df85070ad43ee2a0\n\tat io.netty.handler.codec.http2.Http2Exception.connectionError(Http2Exception.java:107)\n\tat io.netty.handler.codec.http2.Http2ConnectionHandler$PrefaceDecoder.readClientPrefaceString(Http2ConnectionHandler.java:319)\n\tat io.netty.handler.codec.http2.Http2ConnectionHandler$PrefaceDecoder.decode(Http2ConnectionHandler.java:245)\n\tat io.netty.handler.codec.http2.Http2ConnectionHandler.decode(Http2ConnectionHandler.java:451)\n\tat io.netty.handler.codec.ByteToMessageDecoder.decodeRemovalReentryProtection(ByteToMessageDecoder.java:530)\n\tat io.netty.handler.codec.ByteToMessageDecoder.callDecode(ByteToMessageDecoder.java:469)\n\tat io.netty.handler.codec.ByteToMessageDecoder.channelRead(ByteToMessageDecoder.java:290)\n\tat io.netty.channel.AbstractChannelHandlerContext.invokeChannelRead(AbstractChannelHandlerContext.java:444)\n\tat io.netty.channel.AbstractChannelHandlerContext.invokeChannelRead(AbstractChannelHandlerContext.java:420)\n\tat io.netty.channel.AbstractChannelHandlerContext.fireChannelRead(AbstractChannelHandlerContext.java:412)\n\tat io.netty.channel.DefaultChannelPipeline$HeadContext.channelRead(DefaultChannelPipeline.java:1407)\n\tat io.netty.channel.AbstractChannelHandlerContext.invokeChannelRead(AbstractChannelHandlerContext.java:440)\n\tat io.netty.channel.AbstractChannelHandlerContext.invokeChannelRead(AbstractChannelHandlerContext.java:420)\n\tat io.netty.channel.DefaultChannelPipeline.fireChannelRead(DefaultChannelPipeline.java:918)\n\tat io.netty.channel.nio.AbstractNioByteChannel$NioByteUnsafe.read(AbstractNioByteChannel.java:166)\n\tat io.netty.channel.nio.NioEventLoop.processSelectedKey(NioEventLoop.java:788)\n\tat io.netty.channel.nio.NioEventLoop.processSelectedKeysOptimized(NioEventLoop.java:724)\n\tat io.netty.channel.nio.NioEventLoop.processSelectedKeys(NioEventLoop.java:650)\n\tat io.netty.channel.nio.NioEventLoop.run(NioEventLoop.java:562)\n\tat io.netty.util.concurrent.SingleThreadEventExecutor$4.run(SingleThreadEventExecutor.java:994)\n\tat io.netty.util.internal.ThreadExecutorMap$2.run(ThreadExecutorMap.java:74)\n\tat io.netty.util.concurrent.FastThreadLocalRunnable.run(FastThreadLocalRunnable.java:30)\n\tat java.base/java.lang.Thread.run(Thread.java:1583)\n\n"}}
[debug] [2025-07-25T07:50:42.693Z] Jul 25, 2025 7:50:42 AM io.gapi.emulators.netty.HttpVersionRoutingHandler channelRead
INFO: Detected non-HTTP/2 connection.
 {"metadata":{"emulator":{"name":"firestore"},"message":"Jul 25, 2025 7:50:42 AM io.gapi.emulators.netty.HttpVersionRoutingHandler channelRead\nINFO: Detected non-HTTP/2 connection.\n"}}
[debug] [2025-07-25T07:50:44.262Z] Jul 25, 2025 7:50:44 AM com.google.cloud.datastore.emulator.firestore.websocket.WebSocketChannelHandler initChannel
INFO: Connected to new websocket client
 {"metadata":{"emulator":{"name":"firestore"},"message":"Jul 25, 2025 7:50:44 AM com.google.cloud.datastore.emulator.firestore.websocket.WebSocketChannelHandler initChannel\nINFO: Connected to new websocket client\n"}}
[debug] [2025-07-25T07:51:02.568Z] Jul 25, 2025 7:51:02 AM com.google.cloud.datastore.emulator.firestore.websocket.WebSocketChannelHandler initChannel
INFO: Connected to new websocket client
 {"metadata":{"emulator":{"name":"firestore"},"message":"Jul 25, 2025 7:51:02 AM com.google.cloud.datastore.emulator.firestore.websocket.WebSocketChannelHandler initChannel\nINFO: Connected to new websocket client\n"}}
[debug] [2025-07-25T08:01:19.698Z] Jul 25, 2025 8:01:19 AM io.grpc.netty.NettyServerTransport notifyTerminated
INFO: Transport failed
io.netty.handler.codec.http2.Http2Exception: Unexpected HTTP/1.x request: GET / 
	at io.netty.handler.codec.http2.Http2Exception.connectionError(Http2Exception.java:107)
	at io.netty.handler.codec.http2.Http2ConnectionHandler$PrefaceDecoder.readClientPrefaceString(Http2ConnectionHandler.java:315)
	at io.netty.handler.codec.http2.Http2ConnectionHandler$PrefaceDecoder.decode(Http2ConnectionHandler.java:245)
	at io.netty.handler.codec.http2.Http2ConnectionHandler.decode(Http2ConnectionHandler.java:451)
	at io.netty.handler.codec.ByteToMessageDecoder.decodeRemovalReentryProtection(ByteToMessageDecoder.java:530)
	at io.netty.handler.codec.ByteToMessageDecoder.callDecode(ByteToMessageDecoder.java:469)
	at io.netty.handler.codec.ByteToMessageDecoder.channelRead(ByteToMessageDecoder.java:290)
	at io.netty.channel.AbstractChannelHandlerContext.invokeChannelRead(AbstractChannelHandlerContext.java:444)
	at io.netty.channel.AbstractChannelHandlerContext.invokeChannelRead(AbstractChannelHandlerContext.java:420)
	at io.netty.channel.AbstractChannelHandlerContext.fireChannelRead(AbstractChannelHandlerContext.java:412)
	at io.netty.channel.DefaultChannelPipeline$HeadContext.channelRead(DefaultChannelPipeline.java:1407)
	at io.netty.channel.AbstractChannelHandlerContext.invokeChannelRead(AbstractChannelHandlerContext.java:440)
	at io.netty.channel.AbstractChannelHandlerContext.invokeChannelRead(AbstractChannelHandlerContext.java:420)
	at io.netty.channel.DefaultChannelPipeline.fireChannelRead(DefaultChannelPipeline.java:918)
	at io.netty.channel.nio.AbstractNioByteChannel$NioByteUnsafe.read(AbstractNioByteChannel.java:166)
	at io.netty.channel.nio.NioEventLoop.processSelectedKey(NioEventLoop.java:788)
	at io.netty.channel.nio.NioEventLoop.processSelectedKeysOptimized(NioEventLoop.java:724)
	at io.netty.channel.nio.NioEventLoop.processSelectedKeys(NioEventLoop.java:650)
	at io.netty.channel.nio.NioEventLoop.run(NioEventLoop.java:562)
	at io.netty.util.concurrent.SingleThreadEventExecutor$4.run(SingleThreadEventExecutor.java:994)
	at io.netty.util.internal.ThreadExecutorMap$2.run(ThreadExecutorMap.java:74)
	at io.netty.util.concurrent.FastThreadLocalRunnable.run(FastThreadLocalRunnable.java:30)
	at java.base/java.lang.Thread.run(Thread.java:1583)

 {"metadata":{"emulator":{"name":"firestore"},"message":"Jul 25, 2025 8:01:19 AM io.grpc.netty.NettyServerTransport notifyTerminated\nINFO: Transport failed\nio.netty.handler.codec.http2.Http2Exception: Unexpected HTTP/1.x request: GET / \n\tat io.netty.handler.codec.http2.Http2Exception.connectionError(Http2Exception.java:107)\n\tat io.netty.handler.codec.http2.Http2ConnectionHandler$PrefaceDecoder.readClientPrefaceString(Http2ConnectionHandler.java:315)\n\tat io.netty.handler.codec.http2.Http2ConnectionHandler$PrefaceDecoder.decode(Http2ConnectionHandler.java:245)\n\tat io.netty.handler.codec.http2.Http2ConnectionHandler.decode(Http2ConnectionHandler.java:451)\n\tat io.netty.handler.codec.ByteToMessageDecoder.decodeRemovalReentryProtection(ByteToMessageDecoder.java:530)\n\tat io.netty.handler.codec.ByteToMessageDecoder.callDecode(ByteToMessageDecoder.java:469)\n\tat io.netty.handler.codec.ByteToMessageDecoder.channelRead(ByteToMessageDecoder.java:290)\n\tat io.netty.channel.AbstractChannelHandlerContext.invokeChannelRead(AbstractChannelHandlerContext.java:444)\n\tat io.netty.channel.AbstractChannelHandlerContext.invokeChannelRead(AbstractChannelHandlerContext.java:420)\n\tat io.netty.channel.AbstractChannelHandlerContext.fireChannelRead(AbstractChannelHandlerContext.java:412)\n\tat io.netty.channel.DefaultChannelPipeline$HeadContext.channelRead(DefaultChannelPipeline.java:1407)\n\tat io.netty.channel.AbstractChannelHandlerContext.invokeChannelRead(AbstractChannelHandlerContext.java:440)\n\tat io.netty.channel.AbstractChannelHandlerContext.invokeChannelRead(AbstractChannelHandlerContext.java:420)\n\tat io.netty.channel.DefaultChannelPipeline.fireChannelRead(DefaultChannelPipeline.java:918)\n\tat io.netty.channel.nio.AbstractNioByteChannel$NioByteUnsafe.read(AbstractNioByteChannel.java:166)\n\tat io.netty.channel.nio.NioEventLoop.processSelectedKey(NioEventLoop.java:788)\n\tat io.netty.channel.nio.NioEventLoop.processSelectedKeysOptimized(NioEventLoop.java:724)\n\tat io.netty.channel.nio.NioEventLoop.processSelectedKeys(NioEventLoop.java:650)\n\tat io.netty.channel.nio.NioEventLoop.run(NioEventLoop.java:562)\n\tat io.netty.util.concurrent.SingleThreadEventExecutor$4.run(SingleThreadEventExecutor.java:994)\n\tat io.netty.util.internal.ThreadExecutorMap$2.run(ThreadExecutorMap.java:74)\n\tat io.netty.util.concurrent.FastThreadLocalRunnable.run(FastThreadLocalRunnable.java:30)\n\tat java.base/java.lang.Thread.run(Thread.java:1583)\n\n"}}
[debug] [2025-07-25T08:01:19.752Z] Jul 25, 2025 8:01:19 AM io.grpc.netty.NettyServerTransport notifyTerminated
INFO: Transport failed
io.netty.handler.codec.http2.Http2Exception: HTTP/2 client preface string missing or corrupt. Hex dump for received bytes: 16030105a8010005a40303ad3e754f7683cbe44fbec88c00
	at io.netty.handler.codec.http2.Http2Exception.connectionError(Http2Exception.java:107)
	at io.netty.handler.codec.http2.Http2ConnectionHandler$PrefaceDecoder.readClientPrefaceString(Http2ConnectionHandler.java:319)
	at io.netty.handler.codec.http2.Http2ConnectionHandler$PrefaceDecoder.decode(Http2ConnectionHandler.java:245)
	at io.netty.handler.codec.http2.Http2ConnectionHandler.decode(Http2ConnectionHandler.java:451)
	at io.netty.handler.codec.ByteToMessageDecoder.decodeRemovalReentryProtection(ByteToMessageDecoder.java:530)
	at io.netty.handler.codec.ByteToMessageDecoder.callDecode(ByteToMessageDecoder.java:469)
	at io.netty.handler.codec.ByteToMessageDecoder.channelRead(ByteToMessageDecoder.java:290)
	at io.netty.channel.AbstractChannelHandlerContext.invokeChannelRead(AbstractChannelHandlerContext.java:444)
	at io.netty.channel.AbstractChannelHandlerContext.invokeChannelRead(AbstractChannelHandlerContext.java:420)
	at io.netty.channel.AbstractChannelHandlerContext.fireChannelRead(AbstractChannelHandlerContext.java:412)
	at io.netty.channel.DefaultChannelPipeline$HeadContext.channelRead(DefaultChannelPipeline.java:1407)
	at io.netty.channel.AbstractChannelHandlerContext.invokeChannelRead(AbstractChannelHandlerContext.java:440)
	at io.netty.channel.AbstractChannelHandlerContext.invokeChannelRead(AbstractChannelHandlerContext.java:420)
	at io.netty.channel.DefaultChannelPipeline.fireChannelRead(DefaultChannelPipeline.java:918)
	at io.netty.channel.nio.AbstractNioByteChannel$NioByteUnsafe.read(AbstractNioByteChannel.java:166)
	at io.netty.channel.nio.NioEventLoop.processSelectedKey(NioEventLoop.java:788)
	at io.netty.channel.nio.NioEventLoop.processSelectedKeysOptimized(NioEventLoop.java:724)
	at io.netty.channel.nio.NioEventLoop.processSelectedKeys(NioEventLoop.java:650)
	at io.netty.channel.nio.NioEventLoop.run(NioEventLoop.java:562)
	at io.netty.util.concurrent.SingleThreadEventExecutor$4.run(SingleThreadEventExecutor.java:994)
	at io.netty.util.internal.ThreadExecutorMap$2.run(ThreadExecutorMap.java:74)
	at io.netty.util.concurrent.FastThreadLocalRunnable.run(FastThreadLocalRunnable.java:30)
	at java.base/java.lang.Thread.run(Thread.java:1583)

 {"metadata":{"emulator":{"name":"firestore"},"message":"Jul 25, 2025 8:01:19 AM io.grpc.netty.NettyServerTransport notifyTerminated\nINFO: Transport failed\nio.netty.handler.codec.http2.Http2Exception: HTTP/2 client preface string missing or corrupt. Hex dump for received bytes: 16030105a8010005a40303ad3e754f7683cbe44fbec88c00\n\tat io.netty.handler.codec.http2.Http2Exception.connectionError(Http2Exception.java:107)\n\tat io.netty.handler.codec.http2.Http2ConnectionHandler$PrefaceDecoder.readClientPrefaceString(Http2ConnectionHandler.java:319)\n\tat io.netty.handler.codec.http2.Http2ConnectionHandler$PrefaceDecoder.decode(Http2ConnectionHandler.java:245)\n\tat io.netty.handler.codec.http2.Http2ConnectionHandler.decode(Http2ConnectionHandler.java:451)\n\tat io.netty.handler.codec.ByteToMessageDecoder.decodeRemovalReentryProtection(ByteToMessageDecoder.java:530)\n\tat io.netty.handler.codec.ByteToMessageDecoder.callDecode(ByteToMessageDecoder.java:469)\n\tat io.netty.handler.codec.ByteToMessageDecoder.channelRead(ByteToMessageDecoder.java:290)\n\tat io.netty.channel.AbstractChannelHandlerContext.invokeChannelRead(AbstractChannelHandlerContext.java:444)\n\tat io.netty.channel.AbstractChannelHandlerContext.invokeChannelRead(AbstractChannelHandlerContext.java:420)\n\tat io.netty.channel.AbstractChannelHandlerContext.fireChannelRead(AbstractChannelHandlerContext.java:412)\n\tat io.netty.channel.DefaultChannelPipeline$HeadContext.channelRead(DefaultChannelPipeline.java:1407)\n\tat io.netty.channel.AbstractChannelHandlerContext.invokeChannelRead(AbstractChannelHandlerContext.java:440)\n\tat io.netty.channel.AbstractChannelHandlerContext.invokeChannelRead(AbstractChannelHandlerContext.java:420)\n\tat io.netty.channel.DefaultChannelPipeline.fireChannelRead(DefaultChannelPipeline.java:918)\n\tat io.netty.channel.nio.AbstractNioByteChannel$NioByteUnsafe.read(AbstractNioByteChannel.java:166)\n\tat io.netty.channel.nio.NioEventLoop.processSelectedKey(NioEventLoop.java:788)\n\tat io.netty.channel.nio.NioEventLoop.processSelectedKeysOptimized(NioEventLoop.java:724)\n\tat io.netty.channel.nio.NioEventLoop.processSelectedKeys(NioEventLoop.java:650)\n\tat io.netty.channel.nio.NioEventLoop.run(NioEventLoop.java:562)\n\tat io.netty.util.concurrent.SingleThreadEventExecutor$4.run(SingleThreadEventExecutor.java:994)\n\tat io.netty.util.internal.ThreadExecutorMap$2.run(ThreadExecutorMap.java:74)\n\tat io.netty.util.concurrent.FastThreadLocalRunnable.run(FastThreadLocalRunnable.java:30)\n\tat java.base/java.lang.Thread.run(Thread.java:1583)\n\n"}}
[debug] [2025-07-25T08:01:19.931Z] Jul 25, 2025 8:01:19 AM io.gapi.emulators.netty.HttpVersionRoutingHandler channelRead
INFO: Detected non-HTTP/2 connection.
 {"metadata":{"emulator":{"name":"firestore"},"message":"Jul 25, 2025 8:01:19 AM io.gapi.emulators.netty.HttpVersionRoutingHandler channelRead\nINFO: Detected non-HTTP/2 connection.\n"}}
[debug] [2025-07-25T08:01:21.881Z] Jul 25, 2025 8:01:21 AM com.google.cloud.datastore.emulator.firestore.websocket.WebSocketChannelHandler initChannel
INFO: Connected to new websocket client
 {"metadata":{"emulator":{"name":"firestore"},"message":"Jul 25, 2025 8:01:21 AM com.google.cloud.datastore.emulator.firestore.websocket.WebSocketChannelHandler initChannel\nINFO: Connected to new websocket client\n"}}
[debug] [2025-07-25T08:01:39.916Z] Jul 25, 2025 8:01:39 AM com.google.cloud.datastore.emulator.firestore.websocket.WebSocketChannelHandler initChannel
INFO: Connected to new websocket client
 {"metadata":{"emulator":{"name":"firestore"},"message":"Jul 25, 2025 8:01:39 AM com.google.cloud.datastore.emulator.firestore.websocket.WebSocketChannelHandler initChannel\nINFO: Connected to new websocket client\n"}}
[debug] [2025-07-25T10:07:28.106Z] Jul 25, 2025 10:07:28 AM com.google.cloud.datastore.emulator.firestore.websocket.WebSocketChannelHandler channelClosed
INFO: Websocket client disconnected
 {"metadata":{"emulator":{"name":"firestore"},"message":"Jul 25, 2025 10:07:28 AM com.google.cloud.datastore.emulator.firestore.websocket.WebSocketChannelHandler channelClosed\nINFO: Websocket client disconnected\n"}}
[debug] [2025-07-25T10:07:38.251Z] Jul 25, 2025 10:07:38 AM com.google.cloud.datastore.emulator.firestore.websocket.WebSocketChannelHandler channelClosed
INFO: Websocket client disconnected
 {"metadata":{"emulator":{"name":"firestore"},"message":"Jul 25, 2025 10:07:38 AM com.google.cloud.datastore.emulator.firestore.websocket.WebSocketChannelHandler channelClosed\nINFO: Websocket client disconnected\n"}}
[debug] [2025-07-25T10:08:00.763Z] Jul 25, 2025 10:08:00 AM com.google.cloud.datastore.emulator.firestore.websocket.WebSocketChannelHandler channelClosed
INFO: Websocket client disconnected
 {"metadata":{"emulator":{"name":"firestore"},"message":"Jul 25, 2025 10:08:00 AM com.google.cloud.datastore.emulator.firestore.websocket.WebSocketChannelHandler channelClosed\nINFO: Websocket client disconnected\n"}}
[debug] [2025-07-25T10:32:07.299Z] Jul 25, 2025 10:32:07 AM com.google.cloud.datastore.emulator.firestore.websocket.WebSocketChannelHandler channelClosed
INFO: Websocket client disconnected
 {"metadata":{"emulator":{"name":"firestore"},"message":"Jul 25, 2025 10:32:07 AM com.google.cloud.datastore.emulator.firestore.websocket.WebSocketChannelHandler channelClosed\nINFO: Websocket client disconnected\n"}}
[debug] [2025-07-25T10:32:07.313Z] Jul 25, 2025 10:32:07 AM com.google.cloud.datastore.emulator.firestore.websocket.WebSocketChannelHandler channelClosed
INFO: Websocket client disconnected
Jul 25, 2025 10:32:07 AM com.google.cloud.datastore.emulator.firestore.websocket.WebSocketChannelHandler channelClosed
INFO: Websocket client disconnected
Jul 25, 2025 10:32:07 AM com.google.cloud.datastore.emulator.firestore.websocket.WebSocketChannelHandler channelClosed
INFO: Websocket client disconnected
 {"metadata":{"emulator":{"name":"firestore"},"message":"Jul 25, 2025 10:32:07 AM com.google.cloud.datastore.emulator.firestore.websocket.WebSocketChannelHandler channelClosed\nINFO: Websocket client disconnected\nJul 25, 2025 10:32:07 AM com.google.cloud.datastore.emulator.firestore.websocket.WebSocketChannelHandler channelClosed\nINFO: Websocket client disconnected\nJul 25, 2025 10:32:07 AM com.google.cloud.datastore.emulator.firestore.websocket.WebSocketChannelHandler channelClosed\nINFO: Websocket client disconnected\n"}}
[debug] [2025-07-25T10:32:07.343Z] Jul 25, 2025 10:32:07 AM com.google.cloud.datastore.emulator.firestore.websocket.WebSocketChannelHandler channelClosed
INFO: Websocket client disconnected
Jul 25, 2025 10:32:07 AM com.google.cloud.datastore.emulator.firestore.websocket.WebSocketChannelHandler channelClosed
INFO: Websocket client disconnected
Jul 25, 2025 10:32:07 AM com.google.cloud.datastore.emulator.firestore.websocket.WebSocketChannelHandler channelClosed
INFO: Websocket client disconnected
Jul 25, 2025 10:32:07 AM com.google.cloud.datastore.emulator.firestore.websocket.WebSocketChannelHandler channelClosed
INFO: Websocket client disconnected
Jul 25, 2025 10:32:07 AM com.google.cloud.datastore.emulator.firestore.websocket.WebSocketChannelHandler channelClosed
INFO: Websocket client disconnected
Jul 25, 2025 10:32:07 AM com.google.cloud.datastore.emulator.firestore.websocket.WebSocketChannelHandler channelClosed
INFO: Websocket client disconnected
Jul 25, 2025 10:32:07 AM com.google.cloud.datastore.emulator.firestore.websocket.WebSocketChannelHandler channelClosed
INFO: Websocket client disconnected
 {"metadata":{"emulator":{"name":"firestore"},"message":"Jul 25, 2025 10:32:07 AM com.google.cloud.datastore.emulator.firestore.websocket.WebSocketChannelHandler channelClosed\nINFO: Websocket client disconnected\nJul 25, 2025 10:32:07 AM com.google.cloud.datastore.emulator.firestore.websocket.WebSocketChannelHandler channelClosed\nINFO: Websocket client disconnected\nJul 25, 2025 10:32:07 AM com.google.cloud.datastore.emulator.firestore.websocket.WebSocketChannelHandler channelClosed\nINFO: Websocket client disconnected\nJul 25, 2025 10:32:07 AM com.google.cloud.datastore.emulator.firestore.websocket.WebSocketChannelHandler channelClosed\nINFO: Websocket client disconnected\nJul 25, 2025 10:32:07 AM com.google.cloud.datastore.emulator.firestore.websocket.WebSocketChannelHandler channelClosed\nINFO: Websocket client disconnected\nJul 25, 2025 10:32:07 AM com.google.cloud.datastore.emulator.firestore.websocket.WebSocketChannelHandler channelClosed\nINFO: Websocket client disconnected\nJul 25, 2025 10:32:07 AM com.google.cloud.datastore.emulator.firestore.websocket.WebSocketChannelHandler channelClosed\nINFO: Websocket client disconnected\n"}}
[debug] [2025-07-25T10:32:07.370Z] Jul 25, 2025 10:32:07 AM com.google.cloud.datastore.emulator.firestore.websocket.WebSocketChannelHandler channelClosed
INFO: Websocket client disconnected
Jul 25, 2025 10:32:07 AM com.google.cloud.datastore.emulator.firestore.websocket.WebSocketChannelHandler channelClosed
INFO: Websocket client disconnected
 {"metadata":{"emulator":{"name":"firestore"},"message":"Jul 25, 2025 10:32:07 AM com.google.cloud.datastore.emulator.firestore.websocket.WebSocketChannelHandler channelClosed\nINFO: Websocket client disconnected\nJul 25, 2025 10:32:07 AM com.google.cloud.datastore.emulator.firestore.websocket.WebSocketChannelHandler channelClosed\nINFO: Websocket client disconnected\n"}}
[debug] [2025-07-25T10:39:10.985Z] ----------------------------------------------------------------------
[debug] [2025-07-25T10:39:10.988Z] Command:       /nix/store/ws50yvm6vzlzf7jzz6n7xh4szddrack1-nodejs-20.19.1/bin/node /nix/store/gv0i9ndcpzjpfi2yr06402kzy90q51ki-firebase-tools-14.10.1/lib/node_modules/firebase-tools/lib/bin/firebase.js emulators:start --project=demo-app --only=auth,firestore
[debug] [2025-07-25T10:39:10.989Z] CLI Version:   14.10.1
[debug] [2025-07-25T10:39:10.989Z] Platform:      linux
[debug] [2025-07-25T10:39:10.990Z] Node Version:  v20.19.1
[debug] [2025-07-25T10:39:10.990Z] Time:          Fri Jul 25 2025 10:39:10 GMT+0000 (Coordinated Universal Time)
[debug] [2025-07-25T10:39:10.990Z] ----------------------------------------------------------------------
[debug] 
[debug] [2025-07-25T10:39:12.337Z] openjdk version "21.0.7" 2025-04-15
OpenJDK Runtime Environment (build 21.0.7+6-nixos)
OpenJDK 64-Bit Server VM (build 21.0.7+6-nixos, mixed mode, sharing)

[debug] [2025-07-25T10:39:12.398Z] Parsed Java major version: 21
[info] i  emulators: Starting emulators: firestore {"metadata":{"emulator":{"name":"hub"},"message":"Starting emulators: firestore"}}
[info] i  emulators: Detected demo project ID "demo-app", emulated services will use a demo configuration and attempts to access non-emulated services for this project will fail. {"metadata":{"emulator":{"name":"hub"},"message":"Detected demo project ID \"demo-app\", emulated services will use a demo configuration and attempts to access non-emulated services for this project will fail."}}
[warn] ⚠  auth: Not starting the auth emulator, make sure you have run firebase init. {"metadata":{"emulator":{"name":"auth"},"message":"Not starting the auth emulator, make sure you have run firebase init."}}
[warn] ⚠  hub: Error when trying to check port 4400 on ::1: Error: listen EADDRNOTAVAIL: address not available ::1:4400 {"metadata":{"emulator":{"name":"hub"},"message":"Error when trying to check port 4400 on ::1: Error: listen EADDRNOTAVAIL: address not available ::1:4400"}}
[warn] ⚠  hub: Port 4400 is available on 127.0.0.1 but not ::1. This may cause issues with some clients. {"metadata":{"emulator":{"name":"hub"},"message":"Port 4400 is available on 127.0.0.1 but not ::1. This may cause issues with some clients."}}
[warn] ⚠  hub: If you encounter connectivity issues, consider switching to a different port or explicitly specifying "host": "<ip address>" instead of hostname in firebase.json {"metadata":{"emulator":{"name":"hub"},"message":"If you encounter connectivity issues, consider switching to a different port or explicitly specifying \"host\": \"<ip address>\" instead of hostname in firebase.json"}}
[warn] ⚠  ui: Error when trying to check port 4000 on ::1: Error: listen EADDRNOTAVAIL: address not available ::1:4000 {"metadata":{"emulator":{"name":"ui"},"message":"Error when trying to check port 4000 on ::1: Error: listen EADDRNOTAVAIL: address not available ::1:4000"}}
[warn] ⚠  ui: Port 4000 is available on 127.0.0.1 but not ::1. This may cause issues with some clients. {"metadata":{"emulator":{"name":"ui"},"message":"Port 4000 is available on 127.0.0.1 but not ::1. This may cause issues with some clients."}}
[warn] ⚠  ui: If you encounter connectivity issues, consider switching to a different port or explicitly specifying "host": "<ip address>" instead of hostname in firebase.json {"metadata":{"emulator":{"name":"ui"},"message":"If you encounter connectivity issues, consider switching to a different port or explicitly specifying \"host\": \"<ip address>\" instead of hostname in firebase.json"}}
[warn] ⚠  logging: Error when trying to check port 4500 on ::1: Error: listen EADDRNOTAVAIL: address not available ::1:4500 {"metadata":{"emulator":{"name":"logging"},"message":"Error when trying to check port 4500 on ::1: Error: listen EADDRNOTAVAIL: address not available ::1:4500"}}
[warn] ⚠  logging: Port 4500 is available on 127.0.0.1 but not ::1. This may cause issues with some clients. {"metadata":{"emulator":{"name":"logging"},"message":"Port 4500 is available on 127.0.0.1 but not ::1. This may cause issues with some clients."}}
[warn] ⚠  logging: If you encounter connectivity issues, consider switching to a different port or explicitly specifying "host": "<ip address>" instead of hostname in firebase.json {"metadata":{"emulator":{"name":"logging"},"message":"If you encounter connectivity issues, consider switching to a different port or explicitly specifying \"host\": \"<ip address>\" instead of hostname in firebase.json"}}
[warn] ⚠  firestore: Error when trying to check port 8080 on ::1: Error: listen EADDRNOTAVAIL: address not available ::1:8080 {"metadata":{"emulator":{"name":"firestore"},"message":"Error when trying to check port 8080 on ::1: Error: listen EADDRNOTAVAIL: address not available ::1:8080"}}
[warn] ⚠  firestore: Port 8080 is available on 127.0.0.1 but not ::1. This may cause issues with some clients. {"metadata":{"emulator":{"name":"firestore"},"message":"Port 8080 is available on 127.0.0.1 but not ::1. This may cause issues with some clients."}}
[warn] ⚠  firestore: If you encounter connectivity issues, consider switching to a different port or explicitly specifying "host": "<ip address>" instead of hostname in firebase.json {"metadata":{"emulator":{"name":"firestore"},"message":"If you encounter connectivity issues, consider switching to a different port or explicitly specifying \"host\": \"<ip address>\" instead of hostname in firebase.json"}}
[warn] ⚠  firestore.websocket: Error when trying to check port 9150 on ::1: Error: listen EADDRNOTAVAIL: address not available ::1:9150 {"metadata":{"emulator":{"name":"firestore"},"message":"Error when trying to check port 9150 on ::1: Error: listen EADDRNOTAVAIL: address not available ::1:9150"}}
[warn] ⚠  firestore: Port 9150 is available on 127.0.0.1 but not ::1. This may cause issues with some clients. {"metadata":{"emulator":{"name":"firestore"},"message":"Port 9150 is available on 127.0.0.1 but not ::1. This may cause issues with some clients."}}
[warn] ⚠  firestore: If you encounter connectivity issues, consider switching to a different port or explicitly specifying "host": "<ip address>" instead of hostname in firebase.json {"metadata":{"emulator":{"name":"firestore"},"message":"If you encounter connectivity issues, consider switching to a different port or explicitly specifying \"host\": \"<ip address>\" instead of hostname in firebase.json"}}
[debug] [2025-07-25T10:39:12.466Z] assigned listening specs for emulators {"user":{"hub":[{"address":"127.0.0.1","family":"IPv4","port":4400}],"ui":[{"address":"127.0.0.1","family":"IPv4","port":4000}],"logging":[{"address":"127.0.0.1","family":"IPv4","port":4500}],"firestore":[{"address":"127.0.0.1","family":"IPv4","port":8080}],"firestore.websocket":[{"address":"127.0.0.1","family":"IPv4","port":9150}]},"metadata":{"message":"assigned listening specs for emulators"}}
[debug] [2025-07-25T10:39:12.483Z] [hub] writing locator at /tmp/hub-demo-app.json
[debug] [2025-07-25T10:39:12.533Z] Ignoring unsupported arg: auto_download {"metadata":{"emulator":{"name":"firestore"},"message":"Ignoring unsupported arg: auto_download"}}
[debug] [2025-07-25T10:39:12.534Z] Ignoring unsupported arg: single_project_mode_error {"metadata":{"emulator":{"name":"firestore"},"message":"Ignoring unsupported arg: single_project_mode_error"}}
[debug] [2025-07-25T10:39:12.534Z] Starting Firestore Emulator with command {"binary":"java","args":["-Dgoogle.cloud_firestore.debug_log_level=FINE","-Duser.language=en","-jar","/nix/store/6630rdigdc1h6ay3q6zs9bnvj2zrs70g-emulators/cloud-firestore-emulator-v1.19.8.jar","--host","127.0.0.1","--port",8080,"--websocket_port",9150,"--project_id","demo-app","--rules","/home/user/studio/firestore.rules","--single_project_mode",true],"optionalArgs":["port","webchannel_port","host","rules","websocket_port","functions_emulator","seed_from_export","project_id","single_project_mode"],"joinArgs":false,"shell":false,"port":8080} {"metadata":{"emulator":{"name":"firestore"},"message":"Starting Firestore Emulator with command {\"binary\":\"java\",\"args\":[\"-Dgoogle.cloud_firestore.debug_log_level=FINE\",\"-Duser.language=en\",\"-jar\",\"/nix/store/6630rdigdc1h6ay3q6zs9bnvj2zrs70g-emulators/cloud-firestore-emulator-v1.19.8.jar\",\"--host\",\"127.0.0.1\",\"--port\",8080,\"--websocket_port\",9150,\"--project_id\",\"demo-app\",\"--rules\",\"/home/user/studio/firestore.rules\",\"--single_project_mode\",true],\"optionalArgs\":[\"port\",\"webchannel_port\",\"host\",\"rules\",\"websocket_port\",\"functions_emulator\",\"seed_from_export\",\"project_id\",\"single_project_mode\"],\"joinArgs\":false,\"shell\":false,\"port\":8080}"}}
[info] i  firestore: Firestore Emulator logging to firestore-debug.log {"metadata":{"emulator":{"name":"firestore"},"message":"Firestore Emulator logging to firestore-debug.log"}}
[debug] [2025-07-25T10:39:17.677Z] Jul 25, 2025 10:39:17 AM com.google.cloud.datastore.emulator.firestore.websocket.WebSocketServer start
INFO: Started WebSocket server on ws://127.0.0.1:9150
 {"metadata":{"emulator":{"name":"firestore"},"message":"Jul 25, 2025 10:39:17 AM com.google.cloud.datastore.emulator.firestore.websocket.WebSocketServer start\nINFO: Started WebSocket server on ws://127.0.0.1:9150\n"}}
[debug] [2025-07-25T10:39:17.749Z] API endpoint: http:// {"metadata":{"emulator":{"name":"firestore"},"message":"API endpoint: http://"}}
[debug] [2025-07-25T10:39:17.752Z] 127.0.0.1:8080
If you are using a library that supports the FIRESTORE_EMULATOR_HOST environment variable, run:

   export FIRESTORE_EMULATOR_HOST=127.0.0.1:8080

If you are running a Firestore in Datastore Mode project, run:

   export DATASTORE_EMULATOR_HOST=127.0.0.1:8080

Note: Support for Datastore Mode is in preview. If you encounter any bugs please file at https://github.com/firebase/firebase-tools/issues.
Dev App Server is now running.

 {"metadata":{"emulator":{"name":"firestore"},"message":"127.0.0.1:8080\nIf you are using a library that supports the FIRESTORE_EMULATOR_HOST environment variable, run:\n\n   export FIRESTORE_EMULATOR_HOST=127.0.0.1:8080\n\nIf you are running a Firestore in Datastore Mode project, run:\n\n   export DATASTORE_EMULATOR_HOST=127.0.0.1:8080\n\nNote: Support for Datastore Mode is in preview. If you encounter any bugs please file at https://github.com/firebase/firebase-tools/issues.\nDev App Server is now running.\n\n"}}
[info] ✔  firestore: Firestore Emulator UI websocket is running on 9150. {"metadata":{"emulator":{"name":"firestore"},"message":"Firestore Emulator UI websocket is running on 9150."}}
[debug] [2025-07-25T10:39:17.914Z] Could not find VSCode notification endpoint: FetchError: request to http://localhost:40001/vscode/notify failed, reason: connect ECONNREFUSED 127.0.0.1:40001. If you are not running the Firebase Data Connect VSCode extension, this is expected and not an issue.
[info] 
┌─────────────────────────────────────────────────────────────┐
│ ✔  All emulators ready! It is now safe to connect your app. │
│ i  View Emulator UI at http://127.0.0.1:4000/               │
└─────────────────────────────────────────────────────────────┘

┌───────────┬────────────────┬─────────────────────────────────┐
│ Emulator  │ Host:Port      │ View in Emulator UI             │
├───────────┼────────────────┼─────────────────────────────────┤
│ Firestore │ 127.0.0.1:8080 │ http://127.0.0.1:4000/firestore │
└───────────┴────────────────┴─────────────────────────────────┘
  Emulator Hub host: 127.0.0.1 port: 4400
  Other reserved ports: 4500, 9150

Issues? Report them at https://github.com/firebase/firebase-tools/issues and attach the *-debug.log files.
 
[debug] [2025-07-25T16:31:28.134Z] ----------------------------------------------------------------------
[debug] [2025-07-25T16:31:28.138Z] Command:       /nix/store/ws50yvm6vzlzf7jzz6n7xh4szddrack1-nodejs-20.19.1/bin/node /nix/store/gv0i9ndcpzjpfi2yr06402kzy90q51ki-firebase-tools-14.10.1/lib/node_modules/firebase-tools/lib/bin/firebase.js emulators:start --project=demo-app --only=auth,firestore
[debug] [2025-07-25T16:31:28.139Z] CLI Version:   14.10.1
[debug] [2025-07-25T16:31:28.140Z] Platform:      linux
[debug] [2025-07-25T16:31:28.140Z] Node Version:  v20.19.1
[debug] [2025-07-25T16:31:28.140Z] Time:          Fri Jul 25 2025 16:31:28 GMT+0000 (Coordinated Universal Time)
[debug] [2025-07-25T16:31:28.140Z] ----------------------------------------------------------------------
[debug] 
[debug] [2025-07-25T16:31:30.297Z] openjdk version "21.0.7" 2025-04-15
OpenJDK Runtime Environment (build 21.0.7+6-nixos)
OpenJDK 64-Bit Server VM (build 21.0.7+6-nixos, mixed mode, sharing)

[debug] [2025-07-25T16:31:30.374Z] Parsed Java major version: 21
[info] i  emulators: Starting emulators: firestore {"metadata":{"emulator":{"name":"hub"},"message":"Starting emulators: firestore"}}
[info] i  emulators: Detected demo project ID "demo-app", emulated services will use a demo configuration and attempts to access non-emulated services for this project will fail. {"metadata":{"emulator":{"name":"hub"},"message":"Detected demo project ID \"demo-app\", emulated services will use a demo configuration and attempts to access non-emulated services for this project will fail."}}
[warn] ⚠  auth: Not starting the auth emulator, make sure you have run firebase init. {"metadata":{"emulator":{"name":"auth"},"message":"Not starting the auth emulator, make sure you have run firebase init."}}
[warn] ⚠  hub: Error when trying to check port 4400 on ::1: Error: listen EADDRNOTAVAIL: address not available ::1:4400 {"metadata":{"emulator":{"name":"hub"},"message":"Error when trying to check port 4400 on ::1: Error: listen EADDRNOTAVAIL: address not available ::1:4400"}}
[warn] ⚠  hub: Port 4400 is available on 127.0.0.1 but not ::1. This may cause issues with some clients. {"metadata":{"emulator":{"name":"hub"},"message":"Port 4400 is available on 127.0.0.1 but not ::1. This may cause issues with some clients."}}
[warn] ⚠  hub: If you encounter connectivity issues, consider switching to a different port or explicitly specifying "host": "<ip address>" instead of hostname in firebase.json {"metadata":{"emulator":{"name":"hub"},"message":"If you encounter connectivity issues, consider switching to a different port or explicitly specifying \"host\": \"<ip address>\" instead of hostname in firebase.json"}}
[warn] ⚠  ui: Error when trying to check port 4000 on ::1: Error: listen EADDRNOTAVAIL: address not available ::1:4000 {"metadata":{"emulator":{"name":"ui"},"message":"Error when trying to check port 4000 on ::1: Error: listen EADDRNOTAVAIL: address not available ::1:4000"}}
[warn] ⚠  ui: Port 4000 is available on 127.0.0.1 but not ::1. This may cause issues with some clients. {"metadata":{"emulator":{"name":"ui"},"message":"Port 4000 is available on 127.0.0.1 but not ::1. This may cause issues with some clients."}}
[warn] ⚠  ui: If you encounter connectivity issues, consider switching to a different port or explicitly specifying "host": "<ip address>" instead of hostname in firebase.json {"metadata":{"emulator":{"name":"ui"},"message":"If you encounter connectivity issues, consider switching to a different port or explicitly specifying \"host\": \"<ip address>\" instead of hostname in firebase.json"}}
[warn] ⚠  logging: Error when trying to check port 4500 on ::1: Error: listen EADDRNOTAVAIL: address not available ::1:4500 {"metadata":{"emulator":{"name":"logging"},"message":"Error when trying to check port 4500 on ::1: Error: listen EADDRNOTAVAIL: address not available ::1:4500"}}
[warn] ⚠  logging: Port 4500 is available on 127.0.0.1 but not ::1. This may cause issues with some clients. {"metadata":{"emulator":{"name":"logging"},"message":"Port 4500 is available on 127.0.0.1 but not ::1. This may cause issues with some clients."}}
[warn] ⚠  logging: If you encounter connectivity issues, consider switching to a different port or explicitly specifying "host": "<ip address>" instead of hostname in firebase.json {"metadata":{"emulator":{"name":"logging"},"message":"If you encounter connectivity issues, consider switching to a different port or explicitly specifying \"host\": \"<ip address>\" instead of hostname in firebase.json"}}
[warn] ⚠  firestore: Error when trying to check port 8080 on ::1: Error: listen EADDRNOTAVAIL: address not available ::1:8080 {"metadata":{"emulator":{"name":"firestore"},"message":"Error when trying to check port 8080 on ::1: Error: listen EADDRNOTAVAIL: address not available ::1:8080"}}
[warn] ⚠  firestore: Port 8080 is available on 127.0.0.1 but not ::1. This may cause issues with some clients. {"metadata":{"emulator":{"name":"firestore"},"message":"Port 8080 is available on 127.0.0.1 but not ::1. This may cause issues with some clients."}}
[warn] ⚠  firestore: If you encounter connectivity issues, consider switching to a different port or explicitly specifying "host": "<ip address>" instead of hostname in firebase.json {"metadata":{"emulator":{"name":"firestore"},"message":"If you encounter connectivity issues, consider switching to a different port or explicitly specifying \"host\": \"<ip address>\" instead of hostname in firebase.json"}}
[warn] ⚠  firestore.websocket: Error when trying to check port 9150 on ::1: Error: listen EADDRNOTAVAIL: address not available ::1:9150 {"metadata":{"emulator":{"name":"firestore"},"message":"Error when trying to check port 9150 on ::1: Error: listen EADDRNOTAVAIL: address not available ::1:9150"}}
[warn] ⚠  firestore: Port 9150 is available on 127.0.0.1 but not ::1. This may cause issues with some clients. {"metadata":{"emulator":{"name":"firestore"},"message":"Port 9150 is available on 127.0.0.1 but not ::1. This may cause issues with some clients."}}
[warn] ⚠  firestore: If you encounter connectivity issues, consider switching to a different port or explicitly specifying "host": "<ip address>" instead of hostname in firebase.json {"metadata":{"emulator":{"name":"firestore"},"message":"If you encounter connectivity issues, consider switching to a different port or explicitly specifying \"host\": \"<ip address>\" instead of hostname in firebase.json"}}
[debug] [2025-07-25T16:31:30.448Z] assigned listening specs for emulators {"user":{"hub":[{"address":"127.0.0.1","family":"IPv4","port":4400}],"ui":[{"address":"127.0.0.1","family":"IPv4","port":4000}],"logging":[{"address":"127.0.0.1","family":"IPv4","port":4500}],"firestore":[{"address":"127.0.0.1","family":"IPv4","port":8080}],"firestore.websocket":[{"address":"127.0.0.1","family":"IPv4","port":9150}]},"metadata":{"message":"assigned listening specs for emulators"}}
[debug] [2025-07-25T16:31:30.465Z] [hub] writing locator at /tmp/hub-demo-app.json
[debug] [2025-07-25T16:31:30.517Z] Ignoring unsupported arg: auto_download {"metadata":{"emulator":{"name":"firestore"},"message":"Ignoring unsupported arg: auto_download"}}
[debug] [2025-07-25T16:31:30.518Z] Ignoring unsupported arg: single_project_mode_error {"metadata":{"emulator":{"name":"firestore"},"message":"Ignoring unsupported arg: single_project_mode_error"}}
[debug] [2025-07-25T16:31:30.518Z] Starting Firestore Emulator with command {"binary":"java","args":["-Dgoogle.cloud_firestore.debug_log_level=FINE","-Duser.language=en","-jar","/nix/store/6630rdigdc1h6ay3q6zs9bnvj2zrs70g-emulators/cloud-firestore-emulator-v1.19.8.jar","--host","127.0.0.1","--port",8080,"--websocket_port",9150,"--project_id","demo-app","--rules","/home/user/studio/firestore.rules","--single_project_mode",true],"optionalArgs":["port","webchannel_port","host","rules","websocket_port","functions_emulator","seed_from_export","project_id","single_project_mode"],"joinArgs":false,"shell":false,"port":8080} {"metadata":{"emulator":{"name":"firestore"},"message":"Starting Firestore Emulator with command {\"binary\":\"java\",\"args\":[\"-Dgoogle.cloud_firestore.debug_log_level=FINE\",\"-Duser.language=en\",\"-jar\",\"/nix/store/6630rdigdc1h6ay3q6zs9bnvj2zrs70g-emulators/cloud-firestore-emulator-v1.19.8.jar\",\"--host\",\"127.0.0.1\",\"--port\",8080,\"--websocket_port\",9150,\"--project_id\",\"demo-app\",\"--rules\",\"/home/user/studio/firestore.rules\",\"--single_project_mode\",true],\"optionalArgs\":[\"port\",\"webchannel_port\",\"host\",\"rules\",\"websocket_port\",\"functions_emulator\",\"seed_from_export\",\"project_id\",\"single_project_mode\"],\"joinArgs\":false,\"shell\":false,\"port\":8080}"}}
[info] i  firestore: Firestore Emulator logging to firestore-debug.log {"metadata":{"emulator":{"name":"firestore"},"message":"Firestore Emulator logging to firestore-debug.log"}}
[debug] [2025-07-25T16:31:36.437Z] Jul 25, 2025 4:31:36 PM com.google.cloud.datastore.emulator.firestore.websocket.WebSocketServer start
INFO: Started WebSocket server on ws://127.0.0.1:9150
 {"metadata":{"emulator":{"name":"firestore"},"message":"Jul 25, 2025 4:31:36 PM com.google.cloud.datastore.emulator.firestore.websocket.WebSocketServer start\nINFO: Started WebSocket server on ws://127.0.0.1:9150\n"}}
[debug] [2025-07-25T16:31:36.575Z] API endpoint: http://127.0.0.1:8080
If you are using a library that supports the FIRESTORE_EMULATOR_HOST environment variable, run:

   export FIRESTORE_EMULATOR_HOST=127.0.0.1:8080

If you are running a Firestore in Datastore Mode project, run:

   export DATASTORE_EMULATOR_HOST=127.0.0.1:8080

Note: Support for Datastore Mode is in preview. If you encounter any bugs please file at https://github.com/firebase/firebase-tools/issues.
Dev App Server is now running.

 {"metadata":{"emulator":{"name":"firestore"},"message":"API endpoint: http://127.0.0.1:8080\nIf you are using a library that supports the FIRESTORE_EMULATOR_HOST environment variable, run:\n\n   export FIRESTORE_EMULATOR_HOST=127.0.0.1:8080\n\nIf you are running a Firestore in Datastore Mode project, run:\n\n   export DATASTORE_EMULATOR_HOST=127.0.0.1:8080\n\nNote: Support for Datastore Mode is in preview. If you encounter any bugs please file at https://github.com/firebase/firebase-tools/issues.\nDev App Server is now running.\n\n"}}
[info] ✔  firestore: Firestore Emulator UI websocket is running on 9150. {"metadata":{"emulator":{"name":"firestore"},"message":"Firestore Emulator UI websocket is running on 9150."}}
[debug] [2025-07-25T16:31:36.792Z] Could not find VSCode notification endpoint: FetchError: request to http://localhost:40001/vscode/notify failed, reason: connect ECONNREFUSED 127.0.0.1:40001. If you are not running the Firebase Data Connect VSCode extension, this is expected and not an issue.
[info] 
┌─────────────────────────────────────────────────────────────┐
│ ✔  All emulators ready! It is now safe to connect your app. │
│ i  View Emulator UI at http://127.0.0.1:4000/               │
└─────────────────────────────────────────────────────────────┘

┌───────────┬────────────────┬─────────────────────────────────┐
│ Emulator  │ Host:Port      │ View in Emulator UI             │
├───────────┼────────────────┼─────────────────────────────────┤
│ Firestore │ 127.0.0.1:8080 │ http://127.0.0.1:4000/firestore │
└───────────┴────────────────┴─────────────────────────────────┘
  Emulator Hub host: 127.0.0.1 port: 4400
  Other reserved ports: 4500, 9150

Issues? Report them at https://github.com/firebase/firebase-tools/issues and attach the *-debug.log files.
 
[debug] [2025-07-25T17:27:05.360Z] Jul 25, 2025 5:27:05 PM com.google.cloud.datastore.emulator.firestore.websocket.WebSocketChannelHandler initChannel
INFO: Connected to new websocket client
 {"metadata":{"emulator":{"name":"firestore"},"message":"Jul 25, 2025 5:27:05 PM com.google.cloud.datastore.emulator.firestore.websocket.WebSocketChannelHandler initChannel\nINFO: Connected to new websocket client\n"}}
[debug] [2025-07-25T17:27:06.049Z] Jul 25, 2025 5:27:06 PM io.gapi.emulators.netty.HttpVersionRoutingHandler channelRead
INFO: Detected non-HTTP/2 connection.
 {"metadata":{"emulator":{"name":"firestore"},"message":"Jul 25, 2025 5:27:06 PM io.gapi.emulators.netty.HttpVersionRoutingHandler channelRead\nINFO: Detected non-HTTP/2 connection.\n"}}
[debug] [2025-07-25T17:27:06.548Z] Jul 25, 2025 5:27:06 PM io.grpc.netty.NettyServerTransport notifyTerminated
INFO: Transport failed
io.netty.handler.codec.http2.Http2Exception: Unexpected HTTP/1.x request: GET / 
	at io.netty.handler.codec.http2.Http2Exception.connectionError(Http2Exception.java:107)
	at io.netty.handler.codec.http2.Http2ConnectionHandler$PrefaceDecoder.readClientPrefaceString(Http2ConnectionHandler.java:315)
	at io.netty.handler.codec.http2.Http2ConnectionHandler$PrefaceDecoder.decode(Http2ConnectionHandler.java:245)
	at io.netty.handler.codec.http2.Http2ConnectionHandler.decode(Http2ConnectionHandler.java:451)
	at io.netty.handler.codec.ByteToMessageDecoder.decodeRemovalReentryProtection(ByteToMessageDecoder.java:530)
	at io.netty.handler.codec.ByteToMessageDecoder.callDecode(ByteToMessageDecoder.java:469)
	at io.netty.handler.codec.ByteToMessageDecoder.channelRead(ByteToMessageDecoder.java:290)
	at io.netty.channel.AbstractChannelHandlerContext.invokeChannelRead(AbstractChannelHandlerContext.java:444)
	at io.netty.channel.AbstractChannelHandlerContext.invokeChannelRead(AbstractChannelHandlerContext.java:420)
	at io.netty.channel.AbstractChannelHandlerContext.fireChannelRead(AbstractChannelHandlerContext.java:412)
	at io.netty.channel.DefaultChannelPipeline$HeadContext.channelRead(DefaultChannelPipeline.java:1407)
	at io.netty.channel.AbstractChannelHandlerContext.invokeChannelRead(AbstractChannelHandlerContext.java:440)
	at io.netty.channel.AbstractChannelHandlerContext.invokeChannelRead(AbstractChannelHandlerContext.java:420)
	at io.netty.channel.DefaultChannelPipeline.fireChannelRead(DefaultChannelPipeline.java:918)
	at io.netty.channel.nio.AbstractNioByteChannel$NioByteUnsafe.read(AbstractNioByteChannel.java:166)
	at io.netty.channel.nio.NioEventLoop.processSelectedKey(NioEventLoop.java:788)
	at io.netty.channel.nio.NioEventLoop.processSelectedKeysOptimized(NioEventLoop.java:724)
	at io.netty.channel.nio.NioEventLoop.processSelectedKeys(NioEventLoop.java:650)
	at io.netty.channel.nio.NioEventLoop.run(NioEventLoop.java:562)
	at io.netty.util.concurrent.SingleThreadEventExecutor$4.run(SingleThreadEventExecutor.java:994)
	at io.netty.util.internal.ThreadExecutorMap$2.run(ThreadExecutorMap.java:74)
	at io.netty.util.concurrent.FastThreadLocalRunnable.run(FastThreadLocalRunnable.java:30)
	at java.base/java.lang.Thread.run(Thread.java:1583)

 {"metadata":{"emulator":{"name":"firestore"},"message":"Jul 25, 2025 5:27:06 PM io.grpc.netty.NettyServerTransport notifyTerminated\nINFO: Transport failed\nio.netty.handler.codec.http2.Http2Exception: Unexpected HTTP/1.x request: GET / \n\tat io.netty.handler.codec.http2.Http2Exception.connectionError(Http2Exception.java:107)\n\tat io.netty.handler.codec.http2.Http2ConnectionHandler$PrefaceDecoder.readClientPrefaceString(Http2ConnectionHandler.java:315)\n\tat io.netty.handler.codec.http2.Http2ConnectionHandler$PrefaceDecoder.decode(Http2ConnectionHandler.java:245)\n\tat io.netty.handler.codec.http2.Http2ConnectionHandler.decode(Http2ConnectionHandler.java:451)\n\tat io.netty.handler.codec.ByteToMessageDecoder.decodeRemovalReentryProtection(ByteToMessageDecoder.java:530)\n\tat io.netty.handler.codec.ByteToMessageDecoder.callDecode(ByteToMessageDecoder.java:469)\n\tat io.netty.handler.codec.ByteToMessageDecoder.channelRead(ByteToMessageDecoder.java:290)\n\tat io.netty.channel.AbstractChannelHandlerContext.invokeChannelRead(AbstractChannelHandlerContext.java:444)\n\tat io.netty.channel.AbstractChannelHandlerContext.invokeChannelRead(AbstractChannelHandlerContext.java:420)\n\tat io.netty.channel.AbstractChannelHandlerContext.fireChannelRead(AbstractChannelHandlerContext.java:412)\n\tat io.netty.channel.DefaultChannelPipeline$HeadContext.channelRead(DefaultChannelPipeline.java:1407)\n\tat io.netty.channel.AbstractChannelHandlerContext.invokeChannelRead(AbstractChannelHandlerContext.java:440)\n\tat io.netty.channel.AbstractChannelHandlerContext.invokeChannelRead(AbstractChannelHandlerContext.java:420)\n\tat io.netty.channel.DefaultChannelPipeline.fireChannelRead(DefaultChannelPipeline.java:918)\n\tat io.netty.channel.nio.AbstractNioByteChannel$NioByteUnsafe.read(AbstractNioByteChannel.java:166)\n\tat io.netty.channel.nio.NioEventLoop.processSelectedKey(NioEventLoop.java:788)\n\tat io.netty.channel.nio.NioEventLoop.processSelectedKeysOptimized(NioEventLoop.java:724)\n\tat io.netty.channel.nio.NioEventLoop.processSelectedKeys(NioEventLoop.java:650)\n\tat io.netty.channel.nio.NioEventLoop.run(NioEventLoop.java:562)\n\tat io.netty.util.concurrent.SingleThreadEventExecutor$4.run(SingleThreadEventExecutor.java:994)\n\tat io.netty.util.internal.ThreadExecutorMap$2.run(ThreadExecutorMap.java:74)\n\tat io.netty.util.concurrent.FastThreadLocalRunnable.run(FastThreadLocalRunnable.java:30)\n\tat java.base/java.lang.Thread.run(Thread.java:1583)\n\n"}}
[debug] [2025-07-25T17:27:06.720Z] Jul 25, 2025 5:27:06 PM io.grpc.netty.NettyServerTransport notifyTerminated
INFO: Transport failed
io.netty.handler.codec.http2.Http2Exception: HTTP/2 client preface string missing or corrupt. Hex dump for received bytes: 16030105a8010005a403036dc0d2627bdb468c47930a57c7
	at io.netty.handler.codec.http2.Http2Exception.connectionError(Http2Exception.java:107)
	at io.netty.handler.codec.http2.Http2ConnectionHandler$PrefaceDecoder.readClientPrefaceString(Http2ConnectionHandler.java:319)
	at io.netty.handler.codec.http2.Http2ConnectionHandler$PrefaceDecoder.decode(Http2ConnectionHandler.java:245)
	at io.netty.handler.codec.http2.Http2ConnectionHandler.decode(Http2ConnectionHandler.java:451)
	at io.netty.handler.codec.ByteToMessageDecoder.decodeRemovalReentryProtection(ByteToMessageDecoder.java:530)
	at io.netty.handler.codec.ByteToMessageDecoder.callDecode(ByteToMessageDecoder.java:469)
	at io.netty.handler.codec.ByteToMessageDecoder.channelRead(ByteToMessageDecoder.java:290)
	at io.netty.channel.AbstractChannelHandlerContext.invokeChannelRead(AbstractChannelHandlerContext.java:444)
	at io.netty.channel.AbstractChannelHandlerContext.invokeChannelRead(AbstractChannelHandlerContext.java:420)
	at io.netty.channel.AbstractChannelHandlerContext.fireChannelRead(AbstractChannelHandlerContext.java:412)
	at io.netty.channel.DefaultChannelPipeline$HeadContext.channelRead(DefaultChannelPipeline.java:1407)
	at io.netty.channel.AbstractChannelHandlerContext.invokeChannelRead(AbstractChannelHandlerContext.java:440)
	at io.netty.channel.AbstractChannelHandlerContext.invokeChannelRead(AbstractChannelHandlerContext.java:420)
	at io.netty.channel.DefaultChannelPipeline.fireChannelRead(DefaultChannelPipeline.java:918)
	at io.netty.channel.nio.AbstractNioByteChannel$NioByteUnsafe.read(AbstractNioByteChannel.java:166)
	at io.netty.channel.nio.NioEventLoop.processSelectedKey(NioEventLoop.java:788)
	at io.netty.channel.nio.NioEventLoop.processSelectedKeysOptimized(NioEventLoop.java:724)
	at io.netty.channel.nio.NioEventLoop.processSelectedKeys(NioEventLoop.java:650)
	at io.netty.channel.nio.NioEventLoop.run(NioEventLoop.java:562)
	at io.netty.util.concurrent.SingleThreadEventExecutor$4.run(SingleThreadEventExecutor.java:994)
	at io.netty.util.internal.ThreadExecutorMap$2.run(ThreadExecutorMap.java:74)
	at io.netty.util.concurrent.FastThreadLocalRunnable.run(FastThreadLocalRunnable.java:30)
	at java.base/java.lang.Thread.run(Thread.java:1583)

 {"metadata":{"emulator":{"name":"firestore"},"message":"Jul 25, 2025 5:27:06 PM io.grpc.netty.NettyServerTransport notifyTerminated\nINFO: Transport failed\nio.netty.handler.codec.http2.Http2Exception: HTTP/2 client preface string missing or corrupt. Hex dump for received bytes: 16030105a8010005a403036dc0d2627bdb468c47930a57c7\n\tat io.netty.handler.codec.http2.Http2Exception.connectionError(Http2Exception.java:107)\n\tat io.netty.handler.codec.http2.Http2ConnectionHandler$PrefaceDecoder.readClientPrefaceString(Http2ConnectionHandler.java:319)\n\tat io.netty.handler.codec.http2.Http2ConnectionHandler$PrefaceDecoder.decode(Http2ConnectionHandler.java:245)\n\tat io.netty.handler.codec.http2.Http2ConnectionHandler.decode(Http2ConnectionHandler.java:451)\n\tat io.netty.handler.codec.ByteToMessageDecoder.decodeRemovalReentryProtection(ByteToMessageDecoder.java:530)\n\tat io.netty.handler.codec.ByteToMessageDecoder.callDecode(ByteToMessageDecoder.java:469)\n\tat io.netty.handler.codec.ByteToMessageDecoder.channelRead(ByteToMessageDecoder.java:290)\n\tat io.netty.channel.AbstractChannelHandlerContext.invokeChannelRead(AbstractChannelHandlerContext.java:444)\n\tat io.netty.channel.AbstractChannelHandlerContext.invokeChannelRead(AbstractChannelHandlerContext.java:420)\n\tat io.netty.channel.AbstractChannelHandlerContext.fireChannelRead(AbstractChannelHandlerContext.java:412)\n\tat io.netty.channel.DefaultChannelPipeline$HeadContext.channelRead(DefaultChannelPipeline.java:1407)\n\tat io.netty.channel.AbstractChannelHandlerContext.invokeChannelRead(AbstractChannelHandlerContext.java:440)\n\tat io.netty.channel.AbstractChannelHandlerContext.invokeChannelRead(AbstractChannelHandlerContext.java:420)\n\tat io.netty.channel.DefaultChannelPipeline.fireChannelRead(DefaultChannelPipeline.java:918)\n\tat io.netty.channel.nio.AbstractNioByteChannel$NioByteUnsafe.read(AbstractNioByteChannel.java:166)\n\tat io.netty.channel.nio.NioEventLoop.processSelectedKey(NioEventLoop.java:788)\n\tat io.netty.channel.nio.NioEventLoop.processSelectedKeysOptimized(NioEventLoop.java:724)\n\tat io.netty.channel.nio.NioEventLoop.processSelectedKeys(NioEventLoop.java:650)\n\tat io.netty.channel.nio.NioEventLoop.run(NioEventLoop.java:562)\n\tat io.netty.util.concurrent.SingleThreadEventExecutor$4.run(SingleThreadEventExecutor.java:994)\n\tat io.netty.util.internal.ThreadExecutorMap$2.run(ThreadExecutorMap.java:74)\n\tat io.netty.util.concurrent.FastThreadLocalRunnable.run(FastThreadLocalRunnable.java:30)\n\tat java.base/java.lang.Thread.run(Thread.java:1583)\n\n"}}
[debug] [2025-07-25T17:27:08.312Z] Jul 25, 2025 5:27:08 PM com.google.cloud.datastore.emulator.firestore.websocket.WebSocketChannelHandler initChannel
INFO: Connected to new websocket client
 {"metadata":{"emulator":{"name":"firestore"},"message":"Jul 25, 2025 5:27:08 PM com.google.cloud.datastore.emulator.firestore.websocket.WebSocketChannelHandler initChannel\nINFO: Connected to new websocket client\n"}}
[debug] [2025-07-25T17:31:40.257Z] Jul 25, 2025 5:31:40 PM com.google.cloud.datastore.emulator.firestore.websocket.WebSocketChannelHandler channelClosed
INFO: Websocket client disconnected
 {"metadata":{"emulator":{"name":"firestore"},"message":"Jul 25, 2025 5:31:40 PM com.google.cloud.datastore.emulator.firestore.websocket.WebSocketChannelHandler channelClosed\nINFO: Websocket client disconnected\n"}}
